{
  "inputs": {
    "input0": [
      224,
      224,
      3
    ]
  },
  "outputs": {
    "output0": [
      1,
      1,
      3
    ]
  },
  "params_quantity": 1835283,
  "loss": [
    [
      1,
      1.28962
    ],
    [
      2,
      1.03129
    ],
    [
      3,
      0.87756
    ],
    [
      4,
      0.76646
    ],
    [
      5,
      0.69086
    ],
    [
      6,
      0.63173
    ],
    [
      7,
      0.5879
    ],
    [
      8,
      0.55218
    ],
    [
      9,
      0.5241
    ],
    [
      10,
      0.49562
    ],
    [
      11,
      0.4729
    ],
    [
      12,
      0.45439
    ],
    [
      13,
      0.43698
    ],
    [
      14,
      0.42293
    ],
    [
      15,
      0.40928
    ],
    [
      16,
      0.39841
    ],
    [
      17,
      0.38586
    ],
    [
      18,
      0.3788
    ],
    [
      19,
      0.3663
    ],
    [
      20,
      0.35903
    ],
    [
      21,
      0.35216
    ],
    [
      22,
      0.34309
    ],
    [
      23,
      0.33742
    ],
    [
      24,
      0.32993
    ],
    [
      25,
      0.32491
    ],
    [
      26,
      0.31919
    ],
    [
      27,
      0.31393
    ],
    [
      28,
      0.30816
    ],
    [
      29,
      0.30558
    ],
    [
      30,
      0.30027
    ],
    [
      31,
      0.29741
    ],
    [
      32,
      0.29388
    ],
    [
      33,
      0.28901
    ],
    [
      34,
      0.28281
    ],
    [
      35,
      0.28192
    ],
    [
      36,
      0.27959
    ],
    [
      37,
      0.27807
    ],
    [
      38,
      0.27297
    ],
    [
      39,
      0.27042
    ],
    [
      40,
      0.26889
    ],
    [
      41,
      0.59258
    ],
    [
      42,
      0.44176
    ],
    [
      43,
      0.36212
    ],
    [
      44,
      0.30702
    ],
    [
      45,
      0.2654
    ],
    [
      46,
      0.23858
    ],
    [
      47,
      0.21163
    ],
    [
      48,
      0.18001
    ],
    [
      49,
      0.16912
    ],
    [
      50,
      0.16086
    ],
    [
      51,
      0.1421
    ],
    [
      52,
      0.13017
    ],
    [
      53,
      0.11435
    ],
    [
      54,
      0.11161
    ],
    [
      55,
      0.10309
    ],
    [
      56,
      0.09887
    ],
    [
      57,
      0.09608
    ],
    [
      58,
      0.09369
    ],
    [
      59,
      0.08579
    ],
    [
      60,
      0.07982
    ],
    [
      61,
      0.07997
    ],
    [
      62,
      0.07795
    ],
    [
      63,
      0.07236
    ],
    [
      64,
      0.06551
    ],
    [
      65,
      0.06638
    ],
    [
      66,
      0.0667
    ],
    [
      67,
      0.06542
    ],
    [
      68,
      0.05817
    ],
    [
      69,
      0.06271
    ],
    [
      70,
      0.05844
    ],
    [
      71,
      0.05709
    ],
    [
      72,
      0.05585
    ],
    [
      73,
      0.05205
    ],
    [
      74,
      0.05102
    ],
    [
      75,
      0.05137
    ],
    [
      76,
      0.04791
    ],
    [
      77,
      0.048
    ],
    [
      78,
      0.04719
    ],
    [
      79,
      0.04547
    ],
    [
      80,
      0.04514
    ],
    [
      81,
      0.04207
    ],
    [
      82,
      0.04183
    ],
    [
      83,
      0.0407
    ],
    [
      84,
      0.04288
    ],
    [
      85,
      0.04213
    ],
    [
      86,
      0.04269
    ],
    [
      87,
      0.03876
    ],
    [
      88,
      0.03971
    ],
    [
      89,
      0.0396
    ],
    [
      90,
      0.03755
    ],
    [
      91,
      0.03929
    ],
    [
      92,
      0.03604
    ],
    [
      93,
      0.03795
    ],
    [
      94,
      0.03521
    ],
    [
      95,
      0.03685
    ],
    [
      96,
      0.03713
    ],
    [
      97,
      0.03873
    ],
    [
      98,
      0.03605
    ],
    [
      99,
      0.03408
    ],
    [
      100,
      0.03488
    ]
  ],
  "acc": [
    [
      1,
      0.25845
    ],
    [
      2,
      0.47222
    ],
    [
      3,
      0.60628
    ],
    [
      4,
      0.6868
    ],
    [
      5,
      0.73269
    ],
    [
      6,
      0.7653
    ],
    [
      7,
      0.78824
    ],
    [
      8,
      0.80958
    ],
    [
      9,
      0.83052
    ],
    [
      10,
      0.85024
    ],
    [
      11,
      0.86232
    ],
    [
      12,
      0.87037
    ],
    [
      13,
      0.87762
    ],
    [
      14,
      0.88768
    ],
    [
      15,
      0.89452
    ],
    [
      16,
      0.89936
    ],
    [
      17,
      0.90097
    ],
    [
      18,
      0.90942
    ],
    [
      19,
      0.91184
    ],
    [
      20,
      0.91707
    ],
    [
      21,
      0.92069
    ],
    [
      22,
      0.9219
    ],
    [
      23,
      0.92271
    ],
    [
      24,
      0.92874
    ],
    [
      25,
      0.92915
    ],
    [
      26,
      0.93559
    ],
    [
      27,
      0.93559
    ],
    [
      28,
      0.9372
    ],
    [
      29,
      0.93921
    ],
    [
      30,
      0.93921
    ],
    [
      31,
      0.94042
    ],
    [
      32,
      0.94163
    ],
    [
      33,
      0.94565
    ],
    [
      34,
      0.94767
    ],
    [
      35,
      0.94726
    ],
    [
      36,
      0.94686
    ],
    [
      37,
      0.94565
    ],
    [
      38,
      0.94605
    ],
    [
      39,
      0.94847
    ],
    [
      40,
      0.95008
    ],
    [
      41,
      0.76852
    ],
    [
      42,
      0.86433
    ],
    [
      43,
      0.91063
    ],
    [
      44,
      0.938
    ],
    [
      45,
      0.96014
    ],
    [
      46,
      0.96337
    ],
    [
      47,
      0.97424
    ],
    [
      48,
      0.98349
    ],
    [
      49,
      0.98631
    ],
    [
      50,
      0.98631
    ],
    [
      51,
      0.99074
    ],
    [
      52,
      0.98994
    ],
    [
      53,
      0.99275
    ],
    [
      54,
      0.99517
    ],
    [
      55,
      0.99678
    ],
    [
      56,
      0.99557
    ],
    [
      57,
      0.99638
    ],
    [
      58,
      0.99436
    ],
    [
      59,
      0.99557
    ],
    [
      60,
      0.99839
    ],
    [
      61,
      0.99758
    ],
    [
      62,
      0.99718
    ],
    [
      63,
      0.99678
    ],
    [
      64,
      0.99879
    ],
    [
      65,
      0.99919
    ],
    [
      66,
      0.99879
    ],
    [
      67,
      0.99799
    ],
    [
      68,
      0.99839
    ],
    [
      69,
      0.99799
    ],
    [
      70,
      0.99758
    ],
    [
      71,
      0.99678
    ],
    [
      72,
      0.99879
    ],
    [
      73,
      0.99799
    ],
    [
      74,
      0.99879
    ],
    [
      75,
      0.99879
    ],
    [
      76,
      0.99839
    ],
    [
      77,
      0.99839
    ],
    [
      78,
      0.99799
    ],
    [
      79,
      0.99919
    ],
    [
      80,
      0.99799
    ],
    [
      81,
      1.0
    ],
    [
      82,
      0.9996
    ],
    [
      83,
      0.99919
    ],
    [
      84,
      0.9996
    ],
    [
      85,
      0.99919
    ],
    [
      86,
      0.99919
    ],
    [
      87,
      0.99879
    ],
    [
      88,
      0.99839
    ],
    [
      89,
      0.99879
    ],
    [
      90,
      0.99919
    ],
    [
      91,
      0.9996
    ],
    [
      92,
      0.9996
    ],
    [
      93,
      0.9996
    ],
    [
      94,
      1.0
    ],
    [
      95,
      0.99839
    ],
    [
      96,
      0.9996
    ],
    [
      97,
      0.99839
    ],
    [
      98,
      0.99879
    ],
    [
      99,
      1.0
    ],
    [
      100,
      0.99919
    ]
  ],
  "lr": [
    [
      1,
      0.001
    ],
    [
      2,
      0.00098
    ],
    [
      3,
      0.00095
    ],
    [
      4,
      0.00093
    ],
    [
      5,
      0.00091
    ],
    [
      6,
      0.00089
    ],
    [
      7,
      0.00087
    ],
    [
      8,
      0.00085
    ],
    [
      9,
      0.00083
    ],
    [
      10,
      0.00081
    ],
    [
      11,
      0.00079
    ],
    [
      12,
      0.00078
    ],
    [
      13,
      0.00076
    ],
    [
      14,
      0.00074
    ],
    [
      15,
      0.00072
    ],
    [
      16,
      0.00071
    ],
    [
      17,
      0.00069
    ],
    [
      18,
      0.00068
    ],
    [
      19,
      0.00066
    ],
    [
      20,
      0.00065
    ],
    [
      21,
      0.00063
    ],
    [
      22,
      0.00062
    ],
    [
      23,
      0.0006
    ],
    [
      24,
      0.00059
    ],
    [
      25,
      0.00058
    ],
    [
      26,
      0.00056
    ],
    [
      27,
      0.00055
    ],
    [
      28,
      0.00054
    ],
    [
      29,
      0.00052
    ],
    [
      30,
      0.00051
    ],
    [
      31,
      0.0005
    ],
    [
      32,
      0.00049
    ],
    [
      33,
      0.00048
    ],
    [
      34,
      0.00047
    ],
    [
      35,
      0.00046
    ],
    [
      36,
      0.00045
    ],
    [
      37,
      0.00044
    ],
    [
      38,
      0.00043
    ],
    [
      39,
      0.00042
    ],
    [
      40,
      0.00041
    ],
    [
      41,
      0.0004
    ],
    [
      42,
      0.00039
    ],
    [
      43,
      0.00038
    ],
    [
      44,
      0.00037
    ],
    [
      45,
      0.00036
    ],
    [
      46,
      0.00035
    ],
    [
      47,
      0.00035
    ],
    [
      48,
      0.00034
    ],
    [
      49,
      0.00033
    ],
    [
      50,
      0.00032
    ],
    [
      51,
      0.00032
    ],
    [
      52,
      0.00031
    ],
    [
      53,
      0.0003
    ],
    [
      54,
      0.0003
    ],
    [
      55,
      0.00029
    ],
    [
      56,
      0.00028
    ],
    [
      57,
      0.00028
    ],
    [
      58,
      0.00027
    ],
    [
      59,
      0.00026
    ],
    [
      60,
      0.00026
    ],
    [
      61,
      0.00025
    ],
    [
      62,
      0.00025
    ],
    [
      63,
      0.00024
    ],
    [
      64,
      0.00023
    ],
    [
      65,
      0.00023
    ],
    [
      66,
      0.00022
    ],
    [
      67,
      0.00022
    ],
    [
      68,
      0.00021
    ],
    [
      69,
      0.00021
    ],
    [
      70,
      0.0002
    ],
    [
      71,
      0.0002
    ],
    [
      72,
      0.00019
    ],
    [
      73,
      0.00019
    ],
    [
      74,
      0.00019
    ],
    [
      75,
      0.00018
    ],
    [
      76,
      0.00018
    ],
    [
      77,
      0.00017
    ],
    [
      78,
      0.00017
    ],
    [
      79,
      0.00017
    ],
    [
      80,
      0.00016
    ],
    [
      81,
      0.00016
    ],
    [
      82,
      0.00015
    ],
    [
      83,
      0.00015
    ],
    [
      84,
      0.00015
    ],
    [
      85,
      0.00014
    ],
    [
      86,
      0.00014
    ],
    [
      87,
      0.00014
    ],
    [
      88,
      0.00013
    ],
    [
      89,
      0.00013
    ],
    [
      90,
      0.00013
    ],
    [
      91,
      0.00013
    ],
    [
      92,
      0.00012
    ],
    [
      93,
      0.00012
    ],
    [
      94,
      0.00012
    ],
    [
      95,
      0.00011
    ],
    [
      96,
      0.00011
    ],
    [
      97,
      0.00011
    ],
    [
      98,
      0.00011
    ],
    [
      99,
      0.0001
    ],
    [
      100,
      0.0001
    ]
  ],
  "val_loss": [
    [
      10,
      0.49397
    ],
    [
      20,
      0.35649
    ],
    [
      30,
      0.29688
    ],
    [
      40,
      0.2647
    ],
    [
      50,
      0.1267
    ],
    [
      60,
      0.06348
    ],
    [
      70,
      0.0428
    ],
    [
      80,
      0.03316
    ],
    [
      90,
      0.02792
    ],
    [
      100,
      0.02456
    ]
  ],
  "val_acc": [
    [
      10,
      0.84588
    ],
    [
      20,
      0.92832
    ],
    [
      30,
      0.94982
    ],
    [
      40,
      0.94624
    ],
    [
      50,
      0.99642
    ],
    [
      60,
      1.0
    ],
    [
      70,
      1.0
    ],
    [
      80,
      1.0
    ],
    [
      90,
      1.0
    ],
    [
      100,
      1.0
    ]
  ],
  "mean": 123.5,
  "std": 58.395,
  "label_type": "classification",
  "data_type": "image",
  "labels": [
    "up",
    "left",
    "right"
  ],
  "best_eval": {
    "epoch": 100,
    "val_acc": 1.0,
    "val_info": [
      {
        "name": "3d8c404c770544b0be74ff7eb1a8914e.jpg",
        "nickname": "167.jpg",
        "pred": 0,
        "gt": 0,
        "ok": true
      },
      {
        "name": "f50a76a9cd6b4ae1a670fa91a85708f5.jpg",
        "nickname": "45.jpg",
        "pred": 0,
        "gt": 0,
        "ok": true
      },
      {
        "name": "8206380d36f6498f8fdae6710704f55c.jpg",
        "nickname": "831.jpg",
        "pred": 2,
        "gt": 2,
        "ok": true
      },
      {
        "name": "0c848ed5ab524009b56bb4142e2aa83e.jpg",
        "nickname": "646.jpg",
        "pred": 1,
        "gt": 1,
        "ok": true
      },
      {
        "name": "f4c11b2d1483407481ce29f51506c781.jpg",
        "nickname": "793.jpg",
        "pred": 1,
        "gt": 1,
        "ok": true
      },
      {
        "name": "c342d35619564a278a3fd5865935b138.jpg",
        "nickname": "177.jpg",
        "pred": 2,
        "gt": 2,
        "ok": true
      },
      {
        "name": "515f75819a784d05846876fdccd30fb2.jpg",
        "nickname": "903.jpg",
        "pred": 1,
        "gt": 1,
        "ok": true
      },
      {
        "name": "cc26106db6854005a9fc6770efdd8706.jpg",
        "nickname": "223.jpg",
        "pred": 2,
        "gt": 2,
        "ok": true
      },
      {
        "name": "d8effa28e48a4afe8ecd073815e8db66.jpg",
        "nickname": "460.jpg",
        "pred": 2,
        "gt": 2,
        "ok": true
      },
      {
        "name": "3851c0d6fa8744368aabb7ccd5e2f1b2.jpg",
        "nickname": "563.jpg",
        "pred": 0,
        "gt": 0,
        "ok": true
      },
      {
        "name": "9885d2756fff4c48b543c07f7e8eaf25.jpg",
        "nickname": "88.jpg",
        "pred": 1,
        "gt": 1,
        "ok": true
      },
      {
        "name": "57425dbd9aaf429ebfd6e3313d726ceb.jpg",
        "nickname": "880.jpg",
        "pred": 2,
        "gt": 2,
        "ok": true
      },
      {
        "name": "bc231409d8914020b3e16bb926a57503.jpg",
        "nickname": "866.jpg",
        "pred": 1,
        "gt": 1,
        "ok": true
      },
      {
        "name": "46d32f4a8d304651849132678a8dc0b9.jpg",
        "nickname": "57.jpg",
        "pred": 0,
        "gt": 0,
        "ok": true
      },
      {
        "name": "e5160cb9a3c7417da5976b42a8721c49.jpg",
        "nickname": "219.jpg",
        "pred": 2,
        "gt": 2,
        "ok": true
      },
      {
        "name": "cab51fcb94c04052bbff9136193a6f2e.jpg",
        "nickname": "226.jpg",
        "pred": 0,
        "gt": 0,
        "ok": true
      },
      {
        "name": "c3332508847041c8b9a808686d8899a1.jpg",
        "nickname": "241.jpg",
        "pred": 2,
        "gt": 2,
        "ok": true
      },
      {
        "name": "ea6b2600f1c644d9ad1cdb5fa6dd35c9.jpg",
        "nickname": "645.jpg",
        "pred": 0,
        "gt": 0,
        "ok": true
      },
      {
        "name": "83ed36b25d334009b67a51793a4a1bd7.jpg",
        "nickname": "291.jpg",
        "pred": 0,
        "gt": 0,
        "ok": true
      },
      {
        "name": "8d3cca1536404578a7044db07ce642c6.jpg",
        "nickname": "863.jpg",
        "pred": 1,
        "gt": 1,
        "ok": true
      },
      {
        "name": "6a611da70a8c4cc684666654bf8b116b.jpg",
        "nickname": "782.jpg",
        "pred": 0,
        "gt": 0,
        "ok": true
      },
      {
        "name": "4ded8173398d4e359ce6211d89e76566.jpg",
        "nickname": "574.jpg",
        "pred": 1,
        "gt": 1,
        "ok": true
      },
      {
        "name": "f5ad475f8bd34a81bf0d5f5416abe1a4.jpg",
        "nickname": "805.jpg",
        "pred": 2,
        "gt": 2,
        "ok": true
      },
      {
        "name": "60ce816790374ff599eb926389765fdb.jpg",
        "nickname": "468.jpg",
        "pred": 0,
        "gt": 0,
        "ok": true
      },
      {
        "name": "ea7c89ac56774128b5031c7ef3d3c8ca.jpg",
        "nickname": "919.jpg",
        "pred": 0,
        "gt": 0,
        "ok": true
      },
      {
        "name": "f2f0d52554db454b949345524b822d5f.jpg",
        "nickname": "83.jpg",
        "pred": 0,
        "gt": 0,
        "ok": true
      },
      {
        "name": "446eb16a12ac4340bed058894c574d99.jpg",
        "nickname": "133.jpg",
        "pred": 1,
        "gt": 1,
        "ok": true
      },
      {
        "name": "75c6718b99e544b3a5e39d8c20c8ffc1.jpg",
        "nickname": "615.jpg",
        "pred": 2,
        "gt": 2,
        "ok": true
      },
      {
        "name": "fd0982d7c7a2443e88bad4c476c52061.jpg",
        "nickname": "494.jpg",
        "pred": 0,
        "gt": 0,
        "ok": true
      },
      {
        "name": "596f30072d85406e893d2cbddbab6412.jpg",
        "nickname": "148.jpg",
        "pred": 0,
        "gt": 0,
        "ok": true
      },
      {
        "name": "1255e3eb4f9f46da97c39c42d7411147.jpg",
        "nickname": "233.jpg",
        "pred": 0,
        "gt": 0,
        "ok": true
      },
      {
        "name": "d977a4c7276f4c328aa691de31cc0f43.jpg",
        "nickname": "186.jpg",
        "pred": 2,
        "gt": 2,
        "ok": true
      },
      {
        "name": "1df126970e1345d38c6a2fff9e18dd22.jpg",
        "nickname": "688.jpg",
        "pred": 2,
        "gt": 2,
        "ok": true
      },
      {
        "name": "d4c0bbbf3d6440f89603d1971a1b1baf.jpg",
        "nickname": "840.jpg",
        "pred": 2,
        "gt": 2,
        "ok": true
      },
      {
        "name": "85ac7251a6bf401f9cf67354bb6e8584.jpg",
        "nickname": "4.jpg",
        "pred": 2,
        "gt": 2,
        "ok": true
      },
      {
        "name": "ee2923e81e294abcb9cda1df31db91e9.jpg",
        "nickname": "858.jpg",
        "pred": 2,
        "gt": 2,
        "ok": true
      },
      {
        "name": "ca567f2f09054a748c73dd7c6055da7e.jpg",
        "nickname": "740.jpg",
        "pred": 1,
        "gt": 1,
        "ok": true
      },
      {
        "name": "87b41d1b829d4f6f99051d99d9a860aa.jpg",
        "nickname": "112.jpg",
        "pred": 0,
        "gt": 0,
        "ok": true
      },
      {
        "name": "eb98e86ce69c48b5b36dac8c4f105d54.jpg",
        "nickname": "259.jpg",
        "pred": 1,
        "gt": 1,
        "ok": true
      },
      {
        "name": "440e831977c149c0a820198c731d688a.jpg",
        "nickname": "365.jpg",
        "pred": 2,
        "gt": 2,
        "ok": true
      },
      {
        "name": "d027102105d246258ee349a04a3beddf.jpg",
        "nickname": "391.jpg",
        "pred": 0,
        "gt": 0,
        "ok": true
      },
      {
        "name": "d83fe82b137848aab6d2ed86c98f3a85.jpg",
        "nickname": "608.jpg",
        "pred": 0,
        "gt": 0,
        "ok": true
      },
      {
        "name": "467c2d8f39294a84b9c01197ebde2edb.jpg",
        "nickname": "792.jpg",
        "pred": 2,
        "gt": 2,
        "ok": true
      },
      {
        "name": "05d827df4de64a06bed9e5dd4a9fda90.jpg",
        "nickname": "380.jpg",
        "pred": 1,
        "gt": 1,
        "ok": true
      },
      {
        "name": "a48ab7c5a2f949f8a709784111a6a3c2.jpg",
        "nickname": "249.jpg",
        "pred": 1,
        "gt": 1,
        "ok": true
      },
      {
        "name": "f9c4b4c7f82f4ac7a063cf5d21481c6b.jpg",
        "nickname": "242.jpg",
        "pred": 0,
        "gt": 0,
        "ok": true
      },
      {
        "name": "69fa8d393fc74e18a3b035cbec01618e.jpg",
        "nickname": "779.jpg",
        "pred": 0,
        "gt": 0,
        "ok": true
      },
      {
        "name": "737b733734e2458fb0bbd917349b134b.jpg",
        "nickname": "594.jpg",
        "pred": 1,
        "gt": 1,
        "ok": true
      },
      {
        "name": "7b98bc059d5742d584680fe066fe8bb5.jpg",
        "nickname": "856.jpg",
        "pred": 1,
        "gt": 1,
        "ok": true
      },
      {
        "name": "a1620bbb53a8416895b32f9846882fd0.jpg",
        "nickname": "779.jpg",
        "pred": 1,
        "gt": 1,
        "ok": true
      },
      {
        "name": "9fbfe25439694629bf64d2157e379c5d.jpg",
        "nickname": "383.jpg",
        "pred": 1,
        "gt": 1,
        "ok": true
      },
      {
        "name": "96b16f1b7e7145379656b134511e469b.jpg",
        "nickname": "187.jpg",
        "pred": 1,
        "gt": 1,
        "ok": true
      },
      {
        "name": "32e8a779dbb54ec68b880d333e38ba5f.jpg",
        "nickname": "464.jpg",
        "pred": 1,
        "gt": 1,
        "ok": true
      },
      {
        "name": "b88bdc2083f14e6c816193df9373e9a0.jpg",
        "nickname": "339.jpg",
        "pred": 2,
        "gt": 2,
        "ok": true
      },
      {
        "name": "483e584fb22c4d09afc381ff0f17198e.jpg",
        "nickname": "399.jpg",
        "pred": 0,
        "gt": 0,
        "ok": true
      },
      {
        "name": "deeda80bdc554271bede65c66821c57d.jpg",
        "nickname": "47.jpg",
        "pred": 0,
        "gt": 0,
        "ok": true
      },
      {
        "name": "495a9201cc144daa8b9e1de3ea8db785.jpg",
        "nickname": "432.jpg",
        "pred": 1,
        "gt": 1,
        "ok": true
      },
      {
        "name": "d54232857cdf4e0797cca5a2a9dbc959.jpg",
        "nickname": "775.jpg",
        "pred": 2,
        "gt": 2,
        "ok": true
      },
      {
        "name": "ae8690f1fea44b549fada221598beb42.jpg",
        "nickname": "808.jpg",
        "pred": 2,
        "gt": 2,
        "ok": true
      },
      {
        "name": "509b177e57cf4de19b4aa4d053e6299f.jpg",
        "nickname": "677.jpg",
        "pred": 2,
        "gt": 2,
        "ok": true
      },
      {
        "name": "ff1d639f0b4c4f62ab2f9a7790e51044.jpg",
        "nickname": "4.jpg",
        "pred": 1,
        "gt": 1,
        "ok": true
      },
      {
        "name": "550caef0c6434b8992f8d997eba9530c.jpg",
        "nickname": "109.jpg",
        "pred": 2,
        "gt": 2,
        "ok": true
      },
      {
        "name": "5d1519f82d3c4a568f01833607a0e194.jpg",
        "nickname": "746.jpg",
        "pred": 1,
        "gt": 1,
        "ok": true
      },
      {
        "name": "53aa0f8c52e54f868bb63ba3a5699695.jpg",
        "nickname": "900.jpg",
        "pred": 0,
        "gt": 0,
        "ok": true
      },
      {
        "name": "02badec03f4e405b97bb1d10e8f70ed7.jpg",
        "nickname": "503.jpg",
        "pred": 2,
        "gt": 2,
        "ok": true
      },
      {
        "name": "5f96ca7eddce49aeaa29535b3b75624d.jpg",
        "nickname": "521.jpg",
        "pred": 0,
        "gt": 0,
        "ok": true
      },
      {
        "name": "5515b6f85af641c1acff098d57d2373c.jpg",
        "nickname": "825.jpg",
        "pred": 0,
        "gt": 0,
        "ok": true
      },
      {
        "name": "9b6461c2e29a48b2aa8c27292e26bd6e.jpg",
        "nickname": "623.jpg",
        "pred": 2,
        "gt": 2,
        "ok": true
      },
      {
        "name": "e9beea55ea8248da836d39ea97b417a5.jpg",
        "nickname": "461.jpg",
        "pred": 0,
        "gt": 0,
        "ok": true
      },
      {
        "name": "6932d3019d65498e851ba5b1ffa906e4.jpg",
        "nickname": "681.jpg",
        "pred": 1,
        "gt": 1,
        "ok": true
      },
      {
        "name": "8cd0489ee41f4b4fac6dff980564f2c9.jpg",
        "nickname": "144.jpg",
        "pred": 2,
        "gt": 2,
        "ok": true
      },
      {
        "name": "1d9aa7f8a24949eeb305f8008b5dcff2.jpg",
        "nickname": "707.jpg",
        "pred": 0,
        "gt": 0,
        "ok": true
      },
      {
        "name": "1990c5a7d1fa4aa983f2221be6c61b43.jpg",
        "nickname": "702.jpg",
        "pred": 1,
        "gt": 1,
        "ok": true
      },
      {
        "name": "57d89519be5f4f2b9d30276a03a0e580.jpg",
        "nickname": "713.jpg",
        "pred": 1,
        "gt": 1,
        "ok": true
      },
      {
        "name": "e14bf5b92a4c491ea280a72503c610ee.jpg",
        "nickname": "591.jpg",
        "pred": 1,
        "gt": 1,
        "ok": true
      },
      {
        "name": "93732e2aa97b4927bc2f80ae72686a5c.jpg",
        "nickname": "699.jpg",
        "pred": 2,
        "gt": 2,
        "ok": true
      },
      {
        "name": "c10fa5d4012b49188f7f432d54c7d253.jpg",
        "nickname": "468.jpg",
        "pred": 2,
        "gt": 2,
        "ok": true
      },
      {
        "name": "b94a2f3caf1546369b25d4476ce40276.jpg",
        "nickname": "254.jpg",
        "pred": 1,
        "gt": 1,
        "ok": true
      },
      {
        "name": "ad6afdc2b44f4aa68abb56158355e4d6.jpg",
        "nickname": "340.jpg",
        "pred": 1,
        "gt": 1,
        "ok": true
      },
      {
        "name": "9fea47639f0c48a0be907fc31912b2a4.jpg",
        "nickname": "781.jpg",
        "pred": 0,
        "gt": 0,
        "ok": true
      },
      {
        "name": "bf39510ea7a347a89676df3750b67495.jpg",
        "nickname": "457.jpg",
        "pred": 0,
        "gt": 0,
        "ok": true
      },
      {
        "name": "a66564500f6c4e65a74aea3745028ee2.jpg",
        "nickname": "177.jpg",
        "pred": 0,
        "gt": 0,
        "ok": true
      },
      {
        "name": "e258bf6a975f443b985f638af9d5d295.jpg",
        "nickname": "106.jpg",
        "pred": 2,
        "gt": 2,
        "ok": true
      },
      {
        "name": "cb471bdd591140d7ac12ce89d49e431b.jpg",
        "nickname": "235.jpg",
        "pred": 1,
        "gt": 1,
        "ok": true
      },
      {
        "name": "26e75910f161489c80b882600c87b4ab.jpg",
        "nickname": "435.jpg",
        "pred": 0,
        "gt": 0,
        "ok": true
      },
      {
        "name": "0ae90b3d6a9c4b4e9f532af3975f0f2f.jpg",
        "nickname": "903.jpg",
        "pred": 2,
        "gt": 2,
        "ok": true
      },
      {
        "name": "05a688e30c7c41ed9d190027ee6d805a.jpg",
        "nickname": "23.jpg",
        "pred": 0,
        "gt": 0,
        "ok": true
      },
      {
        "name": "6cb7b8e0d76145b5a588bf4d3bd59123.jpg",
        "nickname": "731.jpg",
        "pred": 0,
        "gt": 0,
        "ok": true
      },
      {
        "name": "e4a3a56ca82040019300e46f7f6323d3.jpg",
        "nickname": "17.jpg",
        "pred": 1,
        "gt": 1,
        "ok": true
      },
      {
        "name": "5ebf92ee94ca4034b32790302b13ff2f.jpg",
        "nickname": "19.jpg",
        "pred": 2,
        "gt": 2,
        "ok": true
      },
      {
        "name": "75634f8dafaa4a5f97d3329f8f547dc5.jpg",
        "nickname": "275.jpg",
        "pred": 0,
        "gt": 0,
        "ok": true
      },
      {
        "name": "9e62a7b62bf04f72a2742aa032983659.jpg",
        "nickname": "837.jpg",
        "pred": 1,
        "gt": 1,
        "ok": true
      },
      {
        "name": "552157ccb3bf47f89f70631c9e3b02ce.jpg",
        "nickname": "116.jpg",
        "pred": 2,
        "gt": 2,
        "ok": true
      },
      {
        "name": "3114f7052a084160baa38a2f85016885.jpg",
        "nickname": "812.jpg",
        "pred": 1,
        "gt": 1,
        "ok": true
      },
      {
        "name": "6f4135c727684d4fb4ec702f6d0a43eb.jpg",
        "nickname": "418.jpg",
        "pred": 2,
        "gt": 2,
        "ok": true
      },
      {
        "name": "1c6f442003d64185a6d8d4d80229eb1a.jpg",
        "nickname": "419.jpg",
        "pred": 2,
        "gt": 2,
        "ok": true
      },
      {
        "name": "d842dabd18f04939a63021d6a97fb3a3.jpg",
        "nickname": "899.jpg",
        "pred": 1,
        "gt": 1,
        "ok": true
      },
      {
        "name": "52040b02d90641f98ab0052c94f3d2d0.jpg",
        "nickname": "640.jpg",
        "pred": 2,
        "gt": 2,
        "ok": true
      },
      {
        "name": "d12980c4384a43b7b922bd8929e7930a.jpg",
        "nickname": "721.jpg",
        "pred": 1,
        "gt": 1,
        "ok": true
      },
      {
        "name": "bfa25058dcbc4f01a295af42d82b4bc7.jpg",
        "nickname": "510.jpg",
        "pred": 0,
        "gt": 0,
        "ok": true
      },
      {
        "name": "afa7befc2f7b4e25ac409354d047ab6c.jpg",
        "nickname": "81.jpg",
        "pred": 0,
        "gt": 0,
        "ok": true
      },
      {
        "name": "8ab1f0a0e49a410c916f63a3d80c0ddf.jpg",
        "nickname": "725.jpg",
        "pred": 2,
        "gt": 2,
        "ok": true
      },
      {
        "name": "f1f52781ca604f5c84cd7950c4bd17b9.jpg",
        "nickname": "507.jpg",
        "pred": 1,
        "gt": 1,
        "ok": true
      },
      {
        "name": "03919328c0eb410495e2531cadb5bf6d.jpg",
        "nickname": "120.jpg",
        "pred": 1,
        "gt": 1,
        "ok": true
      },
      {
        "name": "ac713e77132349a7b040fb961e5066a2.jpg",
        "nickname": "180.jpg",
        "pred": 1,
        "gt": 1,
        "ok": true
      },
      {
        "name": "ea73ebb7416845a6a5db84ae2caecd3c.jpg",
        "nickname": "248.jpg",
        "pred": 2,
        "gt": 2,
        "ok": true
      },
      {
        "name": "1c4fc3df322a4b0abe591e1a8d776807.jpg",
        "nickname": "800.jpg",
        "pred": 0,
        "gt": 0,
        "ok": true
      },
      {
        "name": "d2936e11a8904c39a80f955fe39168e8.jpg",
        "nickname": "920.jpg",
        "pred": 2,
        "gt": 2,
        "ok": true
      },
      {
        "name": "f3e2cd4b14c842fe8fe59955eb8ee90d.jpg",
        "nickname": "745.jpg",
        "pred": 2,
        "gt": 2,
        "ok": true
      },
      {
        "name": "941158b231054fc897182f5b7f4ab3cd.jpg",
        "nickname": "188.jpg",
        "pred": 2,
        "gt": 2,
        "ok": true
      },
      {
        "name": "6693ec3f17d3409e81e124a5afb30702.jpg",
        "nickname": "779.jpg",
        "pred": 2,
        "gt": 2,
        "ok": true
      },
      {
        "name": "e901c216020a463b853fe4e453aa34c1.jpg",
        "nickname": "456.jpg",
        "pred": 1,
        "gt": 1,
        "ok": true
      },
      {
        "name": "a2529d41669b48b58dce7a29d56b58cc.jpg",
        "nickname": "586.jpg",
        "pred": 1,
        "gt": 1,
        "ok": true
      },
      {
        "name": "90a5ebcd06c5440d9ebcb27cccc77324.jpg",
        "nickname": "444.jpg",
        "pred": 1,
        "gt": 1,
        "ok": true
      },
      {
        "name": "87609358a7264052a1260b9cf37a977c.jpg",
        "nickname": "471.jpg",
        "pred": 1,
        "gt": 1,
        "ok": true
      },
      {
        "name": "62647c206ee2457e8050a7191cb83b2a.jpg",
        "nickname": "365.jpg",
        "pred": 0,
        "gt": 0,
        "ok": true
      },
      {
        "name": "6e3f3564d0f44a39bc39b0279d4c69cb.jpg",
        "nickname": "123.jpg",
        "pred": 2,
        "gt": 2,
        "ok": true
      },
      {
        "name": "5788f2d3e10f4d6f9b7fdb7851ec96f7.jpg",
        "nickname": "18.jpg",
        "pred": 0,
        "gt": 0,
        "ok": true
      },
      {
        "name": "b2110c8cc0aa4835926d5712586a3352.jpg",
        "nickname": "826.jpg",
        "pred": 0,
        "gt": 0,
        "ok": true
      },
      {
        "name": "210b1c18f93e421f91ea4eadc553ea76.jpg",
        "nickname": "707.jpg",
        "pred": 2,
        "gt": 2,
        "ok": true
      },
      {
        "name": "4be900caa39b4b7697e451b6f7798840.jpg",
        "nickname": "105.jpg",
        "pred": 1,
        "gt": 1,
        "ok": true
      },
      {
        "name": "c650faec40154a5fbe150449bf9110ae.jpg",
        "nickname": "597.jpg",
        "pred": 0,
        "gt": 0,
        "ok": true
      },
      {
        "name": "ac47c68635f245bf9de8995249f8bbfc.jpg",
        "nickname": "269.jpg",
        "pred": 1,
        "gt": 1,
        "ok": true
      },
      {
        "name": "394af43d85494ac08797c4b982d4a3d9.jpg",
        "nickname": "384.jpg",
        "pred": 0,
        "gt": 0,
        "ok": true
      },
      {
        "name": "295dd9b00a3b4c5ca86fb6d173ba0a0e.jpg",
        "nickname": "85.jpg",
        "pred": 2,
        "gt": 2,
        "ok": true
      },
      {
        "name": "93c4e31ceacd4887b9d0caf2a2bb99c5.jpg",
        "nickname": "538.jpg",
        "pred": 2,
        "gt": 2,
        "ok": true
      },
      {
        "name": "1f57984651dd47a6878384b7811b135d.jpg",
        "nickname": "916.jpg",
        "pred": 1,
        "gt": 1,
        "ok": true
      },
      {
        "name": "406f9403e86d4639b7a18f1772bc37db.jpg",
        "nickname": "566.jpg",
        "pred": 1,
        "gt": 1,
        "ok": true
      },
      {
        "name": "38fce6c056e442c3bfe63b491659b71d.jpg",
        "nickname": "366.jpg",
        "pred": 1,
        "gt": 1,
        "ok": true
      },
      {
        "name": "56febbcdcd474c3a9b671e37cfda91f7.jpg",
        "nickname": "469.jpg",
        "pred": 1,
        "gt": 1,
        "ok": true
      },
      {
        "name": "be80bc7b522944a88adf43e1a05a94a7.jpg",
        "nickname": "303.jpg",
        "pred": 2,
        "gt": 2,
        "ok": true
      },
      {
        "name": "5ad7919a5f5c41f8ae72f2408d5d7463.jpg",
        "nickname": "627.jpg",
        "pred": 1,
        "gt": 1,
        "ok": true
      },
      {
        "name": "4ef75491708148018ad9a9fa8f8f333d.jpg",
        "nickname": "315.jpg",
        "pred": 1,
        "gt": 1,
        "ok": true
      },
      {
        "name": "6510222f25454ad0a1efd3a766e80833.jpg",
        "nickname": "639.jpg",
        "pred": 1,
        "gt": 1,
        "ok": true
      },
      {
        "name": "8a702f90b6f54926a1ee4313b9b7f192.jpg",
        "nickname": "738.jpg",
        "pred": 0,
        "gt": 0,
        "ok": true
      },
      {
        "name": "8a2992dd200c475fa990be388ab7424f.jpg",
        "nickname": "252.jpg",
        "pred": 0,
        "gt": 0,
        "ok": true
      },
      {
        "name": "f7b948330a1e447494b3c2aa8203a0a6.jpg",
        "nickname": "879.jpg",
        "pred": 0,
        "gt": 0,
        "ok": true
      },
      {
        "name": "6836c4ee9a8c47868f207da93d42fa45.jpg",
        "nickname": "625.jpg",
        "pred": 2,
        "gt": 2,
        "ok": true
      },
      {
        "name": "037f8a817be04bcd9474ee14151b6240.jpg",
        "nickname": "35.jpg",
        "pred": 1,
        "gt": 1,
        "ok": true
      },
      {
        "name": "f6a4e3b24afe4c4fad8dde5ea96a6033.jpg",
        "nickname": "24.jpg",
        "pred": 2,
        "gt": 2,
        "ok": true
      },
      {
        "name": "3bb52b7edc3c4a249b78bac38991dd8d.jpg",
        "nickname": "313.jpg",
        "pred": 0,
        "gt": 0,
        "ok": true
      },
      {
        "name": "b986dc78768f44cab20345bc1159df0c.jpg",
        "nickname": "856.jpg",
        "pred": 2,
        "gt": 2,
        "ok": true
      },
      {
        "name": "3c00cc1410bb4a92aa3a55430e0ddc3c.jpg",
        "nickname": "56.jpg",
        "pred": 0,
        "gt": 0,
        "ok": true
      },
      {
        "name": "7677c50dde9a498793dc4867618ae198.jpg",
        "nickname": "228.jpg",
        "pred": 0,
        "gt": 0,
        "ok": true
      },
      {
        "name": "d2379c427de9442496cec6984f0819bf.jpg",
        "nickname": "656.jpg",
        "pred": 0,
        "gt": 0,
        "ok": true
      },
      {
        "name": "f7d8379ee6be4d44adaeeb0133916a01.jpg",
        "nickname": "250.jpg",
        "pred": 2,
        "gt": 2,
        "ok": true
      },
      {
        "name": "627a62df9eac4b9b95acfbf474fd3754.jpg",
        "nickname": "290.jpg",
        "pred": 0,
        "gt": 0,
        "ok": true
      },
      {
        "name": "6cd87d2387ad4cb89855a265312a067b.jpg",
        "nickname": "291.jpg",
        "pred": 2,
        "gt": 2,
        "ok": true
      },
      {
        "name": "968836a0a762432aa6131a510e1b3c84.jpg",
        "nickname": "670.jpg",
        "pred": 1,
        "gt": 1,
        "ok": true
      },
      {
        "name": "6d73fd9091544f3085cc4707c0b1ebe0.jpg",
        "nickname": "32.jpg",
        "pred": 0,
        "gt": 0,
        "ok": true
      },
      {
        "name": "640c59c991b2415aa4a6467c324de0fe.jpg",
        "nickname": "452.jpg",
        "pred": 2,
        "gt": 2,
        "ok": true
      },
      {
        "name": "61667454da2644aab8486a9fe1829ca5.jpg",
        "nickname": "202.jpg",
        "pred": 2,
        "gt": 2,
        "ok": true
      },
      {
        "name": "006837b73fe04a7186fc7928c6bb5a82.jpg",
        "nickname": "556.jpg",
        "pred": 2,
        "gt": 2,
        "ok": true
      },
      {
        "name": "bd9b59c3d65647e4bdf3f2ecc3a3c302.jpg",
        "nickname": "859.jpg",
        "pred": 0,
        "gt": 0,
        "ok": true
      },
      {
        "name": "6ecd6583c8b64585aac543bdcd4d3965.jpg",
        "nickname": "857.jpg",
        "pred": 2,
        "gt": 2,
        "ok": true
      },
      {
        "name": "82523a9482ed461d9c642c39efc00d29.jpg",
        "nickname": "30.jpg",
        "pred": 2,
        "gt": 2,
        "ok": true
      },
      {
        "name": "10b53ca1aca349cea6cecaded33b8e18.jpg",
        "nickname": "585.jpg",
        "pred": 0,
        "gt": 0,
        "ok": true
      },
      {
        "name": "a85cdbad385e47c3892656d54aa96ac2.jpg",
        "nickname": "388.jpg",
        "pred": 2,
        "gt": 2,
        "ok": true
      },
      {
        "name": "f9c20a2c60c14fe294dda8c80707afb0.jpg",
        "nickname": "394.jpg",
        "pred": 2,
        "gt": 2,
        "ok": true
      },
      {
        "name": "585f1bb4788a462888a0da10becc96b7.jpg",
        "nickname": "861.jpg",
        "pred": 0,
        "gt": 0,
        "ok": true
      },
      {
        "name": "f4b4a5a2219d4b1488c0c2b78651c8fd.jpg",
        "nickname": "131.jpg",
        "pred": 2,
        "gt": 2,
        "ok": true
      },
      {
        "name": "196683dfeb704cedabb7f978644558d7.jpg",
        "nickname": "106.jpg",
        "pred": 0,
        "gt": 0,
        "ok": true
      },
      {
        "name": "d9afeac5bc9047449d2d4b8e40e503f0.jpg",
        "nickname": "418.jpg",
        "pred": 0,
        "gt": 0,
        "ok": true
      },
      {
        "name": "ca96e19a29c947468bf5242e824b517f.jpg",
        "nickname": "287.jpg",
        "pred": 0,
        "gt": 0,
        "ok": true
      },
      {
        "name": "2a99c418ca884cadad5657124c0ee95a.jpg",
        "nickname": "401.jpg",
        "pred": 2,
        "gt": 2,
        "ok": true
      },
      {
        "name": "3aecd2ed25d14d39abee8b24fb5a20ed.jpg",
        "nickname": "193.jpg",
        "pred": 2,
        "gt": 2,
        "ok": true
      },
      {
        "name": "e3e7cf71038c4bbb9e59671591fbdcb3.jpg",
        "nickname": "892.jpg",
        "pred": 0,
        "gt": 0,
        "ok": true
      },
      {
        "name": "a5f5494eb1c94a0dbf5758e056ba6e4b.jpg",
        "nickname": "689.jpg",
        "pred": 1,
        "gt": 1,
        "ok": true
      },
      {
        "name": "47f4e41c078c4981ad233d4f8fd2eef2.jpg",
        "nickname": "156.jpg",
        "pred": 2,
        "gt": 2,
        "ok": true
      },
      {
        "name": "52048d544b26406287da18869b3fea76.jpg",
        "nickname": "218.jpg",
        "pred": 2,
        "gt": 2,
        "ok": true
      },
      {
        "name": "928229600313475695019fcfc6ae2bfa.jpg",
        "nickname": "784.jpg",
        "pred": 2,
        "gt": 2,
        "ok": true
      },
      {
        "name": "ea739a35360e4660a8b4b9192fe5b709.jpg",
        "nickname": "707.jpg",
        "pred": 1,
        "gt": 1,
        "ok": true
      },
      {
        "name": "6a790ba931314b3da3c1b091fff568dc.jpg",
        "nickname": "669.jpg",
        "pred": 0,
        "gt": 0,
        "ok": true
      },
      {
        "name": "25543717a64f4075a86c3640c99b2c20.jpg",
        "nickname": "484.jpg",
        "pred": 2,
        "gt": 2,
        "ok": true
      },
      {
        "name": "1a782e9055374ed8b0f61269db34f002.jpg",
        "nickname": "398.jpg",
        "pred": 1,
        "gt": 1,
        "ok": true
      },
      {
        "name": "f9e61b7785a2449cb628bc7f95f6e508.jpg",
        "nickname": "232.jpg",
        "pred": 0,
        "gt": 0,
        "ok": true
      },
      {
        "name": "aa68818420f64aa180505366b076dfc0.jpg",
        "nickname": "485.jpg",
        "pred": 0,
        "gt": 0,
        "ok": true
      },
      {
        "name": "67b1130d1718449bada7635e86086821.jpg",
        "nickname": "282.jpg",
        "pred": 2,
        "gt": 2,
        "ok": true
      },
      {
        "name": "b57221b16968408ca38ab99c73a1e8d7.jpg",
        "nickname": "586.jpg",
        "pred": 0,
        "gt": 0,
        "ok": true
      },
      {
        "name": "2bad3119835e4b409b67881513b75eff.jpg",
        "nickname": "184.jpg",
        "pred": 2,
        "gt": 2,
        "ok": true
      },
      {
        "name": "cea54e90d1744ef9baece04a368f14e3.jpg",
        "nickname": "237.jpg",
        "pred": 0,
        "gt": 0,
        "ok": true
      },
      {
        "name": "198ad5d307f04d4bbd9fb1e012a27bbb.jpg",
        "nickname": "499.jpg",
        "pred": 1,
        "gt": 1,
        "ok": true
      },
      {
        "name": "c89dcfa8583a41daae39d2cba2e8c80e.jpg",
        "nickname": "31.jpg",
        "pred": 1,
        "gt": 1,
        "ok": true
      },
      {
        "name": "fe83092cdc10465c9400d92e8f9f44c6.jpg",
        "nickname": "688.jpg",
        "pred": 0,
        "gt": 0,
        "ok": true
      },
      {
        "name": "7bfe669972ca416e8bfab3e6c9863839.jpg",
        "nickname": "672.jpg",
        "pred": 2,
        "gt": 2,
        "ok": true
      },
      {
        "name": "eed33d8dbfac4e36906532df49ffee29.jpg",
        "nickname": "443.jpg",
        "pred": 1,
        "gt": 1,
        "ok": true
      },
      {
        "name": "780f6413e67f49d5b97de2da8c50d276.jpg",
        "nickname": "680.jpg",
        "pred": 0,
        "gt": 0,
        "ok": true
      },
      {
        "name": "f5253032b2da44069497185725be9859.jpg",
        "nickname": "573.jpg",
        "pred": 0,
        "gt": 0,
        "ok": true
      },
      {
        "name": "adf42194dd41408cbc9a474f6ac77bb4.jpg",
        "nickname": "744.jpg",
        "pred": 2,
        "gt": 2,
        "ok": true
      },
      {
        "name": "5b8a1dceac124c49a772ccfdae0a093f.jpg",
        "nickname": "340.jpg",
        "pred": 0,
        "gt": 0,
        "ok": true
      },
      {
        "name": "ab3c1791d0e84709a6861b7afcc422cc.jpg",
        "nickname": "911.jpg",
        "pred": 0,
        "gt": 0,
        "ok": true
      },
      {
        "name": "bb9dc35f7b2b4a3d8f3f0bca6b92277a.jpg",
        "nickname": "314.jpg",
        "pred": 1,
        "gt": 1,
        "ok": true
      },
      {
        "name": "9e333d73721042eb8c7dae3c439ee002.jpg",
        "nickname": "601.jpg",
        "pred": 2,
        "gt": 2,
        "ok": true
      },
      {
        "name": "acf12941424849bd88d1c2780b8c132d.jpg",
        "nickname": "390.jpg",
        "pred": 1,
        "gt": 1,
        "ok": true
      },
      {
        "name": "358f85df840447ed8d42095ba8a99b83.jpg",
        "nickname": "394.jpg",
        "pred": 0,
        "gt": 0,
        "ok": true
      },
      {
        "name": "c560518ea86b40c78b9c560551b47f5f.jpg",
        "nickname": "232.jpg",
        "pred": 1,
        "gt": 1,
        "ok": true
      },
      {
        "name": "5dc1182a795b4278a82957cef6464e46.jpg",
        "nickname": "85.jpg",
        "pred": 1,
        "gt": 1,
        "ok": true
      },
      {
        "name": "a4f7e69630654fd8aa44b7a017aec041.jpg",
        "nickname": "134.jpg",
        "pred": 2,
        "gt": 2,
        "ok": true
      },
      {
        "name": "095a83dae7844a48b9bc29b246eeb88c.jpg",
        "nickname": "476.jpg",
        "pred": 0,
        "gt": 0,
        "ok": true
      },
      {
        "name": "b2024195ca4c4244b5665125c4fadff4.jpg",
        "nickname": "621.jpg",
        "pred": 1,
        "gt": 1,
        "ok": true
      },
      {
        "name": "6e51553cce354444a9850fd95ad9be8b.jpg",
        "nickname": "28.jpg",
        "pred": 2,
        "gt": 2,
        "ok": true
      },
      {
        "name": "1c58e87d93654890ba259c39d69eece2.jpg",
        "nickname": "380.jpg",
        "pred": 2,
        "gt": 2,
        "ok": true
      },
      {
        "name": "d8401a890d3d4f74825dc2d8ddea8ae5.jpg",
        "nickname": "397.jpg",
        "pred": 1,
        "gt": 1,
        "ok": true
      },
      {
        "name": "675eeb06b56e4c1597a0c7493fc0cc0d.jpg",
        "nickname": "699.jpg",
        "pred": 1,
        "gt": 1,
        "ok": true
      },
      {
        "name": "4ae3c4c7d0f440e99634df3db4997c6b.jpg",
        "nickname": "577.jpg",
        "pred": 0,
        "gt": 0,
        "ok": true
      },
      {
        "name": "e04d24f18ada40d682f492793e301c44.jpg",
        "nickname": "614.jpg",
        "pred": 1,
        "gt": 1,
        "ok": true
      },
      {
        "name": "1a091ef056f346309186d95c0157150c.jpg",
        "nickname": "421.jpg",
        "pred": 2,
        "gt": 2,
        "ok": true
      },
      {
        "name": "242aa22930ab42658d4f5db32abcfb84.jpg",
        "nickname": "662.jpg",
        "pred": 2,
        "gt": 2,
        "ok": true
      },
      {
        "name": "40fa1cfc5ea34915b9d66e8a2a0942a1.jpg",
        "nickname": "590.jpg",
        "pred": 1,
        "gt": 1,
        "ok": true
      },
      {
        "name": "adc3f987349e47249c7def87845fa291.jpg",
        "nickname": "199.jpg",
        "pred": 0,
        "gt": 0,
        "ok": true
      },
      {
        "name": "0502bcbc342d448999b2fd8f40c953f7.jpg",
        "nickname": "732.jpg",
        "pred": 1,
        "gt": 1,
        "ok": true
      },
      {
        "name": "8c2a17d4548149f2a90b5c955263b42e.jpg",
        "nickname": "326.jpg",
        "pred": 2,
        "gt": 2,
        "ok": true
      },
      {
        "name": "b3ec471372b7491c91944ea45332edd6.jpg",
        "nickname": "30.jpg",
        "pred": 1,
        "gt": 1,
        "ok": true
      },
      {
        "name": "717e6e48e7bd4667bc4bf0b49b0ea612.jpg",
        "nickname": "118.jpg",
        "pred": 0,
        "gt": 0,
        "ok": true
      },
      {
        "name": "33136179279a4c51a563bcbff3811293.jpg",
        "nickname": "568.jpg",
        "pred": 2,
        "gt": 2,
        "ok": true
      },
      {
        "name": "ab32d554c29c44179bb552333217ed3e.jpg",
        "nickname": "72.jpg",
        "pred": 1,
        "gt": 1,
        "ok": true
      },
      {
        "name": "c1f04d1f10094125a2980cf4c2a9d554.jpg",
        "nickname": "192.jpg",
        "pred": 0,
        "gt": 0,
        "ok": true
      },
      {
        "name": "e71f9fe4057b4c72a21bf5b35bcdf960.jpg",
        "nickname": "893.jpg",
        "pred": 1,
        "gt": 1,
        "ok": true
      },
      {
        "name": "26583e9bc8f0405aa47209a1325a51f4.jpg",
        "nickname": "188.jpg",
        "pred": 0,
        "gt": 0,
        "ok": true
      },
      {
        "name": "7e37b60c7fc8466cabbbce991d131a13.jpg",
        "nickname": "26.jpg",
        "pred": 1,
        "gt": 1,
        "ok": true
      },
      {
        "name": "c748aa46518c484e9d378d35149ab56a.jpg",
        "nickname": "469.jpg",
        "pred": 0,
        "gt": 0,
        "ok": true
      },
      {
        "name": "1dfa5e12a260473fb4fd852378505348.jpg",
        "nickname": "194.jpg",
        "pred": 1,
        "gt": 1,
        "ok": true
      },
      {
        "name": "7826c449bf1e4c24a22e2e64c1d5786f.jpg",
        "nickname": "179.jpg",
        "pred": 2,
        "gt": 2,
        "ok": true
      },
      {
        "name": "262bf909abd64efbbb38ad448f3cacbb.jpg",
        "nickname": "685.jpg",
        "pred": 2,
        "gt": 2,
        "ok": true
      },
      {
        "name": "93a136456cdd42a1984818adb60e2ca7.jpg",
        "nickname": "828.jpg",
        "pred": 1,
        "gt": 1,
        "ok": true
      },
      {
        "name": "5043760e3f9548d4bf5fb47e5241a346.jpg",
        "nickname": "483.jpg",
        "pred": 2,
        "gt": 2,
        "ok": true
      },
      {
        "name": "221e89c7cd0740e88c01fc47222740ad.jpg",
        "nickname": "331.jpg",
        "pred": 2,
        "gt": 2,
        "ok": true
      },
      {
        "name": "190b187d7746429892dbc5ccc6230812.jpg",
        "nickname": "427.jpg",
        "pred": 0,
        "gt": 0,
        "ok": true
      },
      {
        "name": "35e22cb2fb1a413e9b2ab8ed33268712.jpg",
        "nickname": "592.jpg",
        "pred": 0,
        "gt": 0,
        "ok": true
      },
      {
        "name": "2de08faada1149d1bc9bc577f9a60e90.jpg",
        "nickname": "509.jpg",
        "pred": 1,
        "gt": 1,
        "ok": true
      },
      {
        "name": "d6cb014f90b14c4e8d4a23baa7596667.jpg",
        "nickname": "337.jpg",
        "pred": 0,
        "gt": 0,
        "ok": true
      },
      {
        "name": "0f4e0be76d504dec984691a8054cd432.jpg",
        "nickname": "822.jpg",
        "pred": 1,
        "gt": 1,
        "ok": true
      },
      {
        "name": "4c608c1897f0440a9760599aa058aa69.jpg",
        "nickname": "49.jpg",
        "pred": 1,
        "gt": 1,
        "ok": true
      },
      {
        "name": "796f7aee7cc94c348f34013374698dff.jpg",
        "nickname": "347.jpg",
        "pred": 2,
        "gt": 2,
        "ok": true
      },
      {
        "name": "ee16df616adf48da82e965615c789460.jpg",
        "nickname": "505.jpg",
        "pred": 0,
        "gt": 0,
        "ok": true
      },
      {
        "name": "c69d747166a048af85e3800a4b572bcc.jpg",
        "nickname": "92.jpg",
        "pred": 2,
        "gt": 2,
        "ok": true
      },
      {
        "name": "73640b38605c4a9c950ad44c5a24deab.jpg",
        "nickname": "522.jpg",
        "pred": 2,
        "gt": 2,
        "ok": true
      },
      {
        "name": "4bcea8eed2714083b1d08b56bd89b03d.jpg",
        "nickname": "591.jpg",
        "pred": 0,
        "gt": 0,
        "ok": true
      },
      {
        "name": "4224a208eed24f8ea7a2a61f0ef4fc3e.jpg",
        "nickname": "447.jpg",
        "pred": 1,
        "gt": 1,
        "ok": true
      },
      {
        "name": "6261f58f6b4746049d706631f6a51452.jpg",
        "nickname": "91.jpg",
        "pred": 1,
        "gt": 1,
        "ok": true
      },
      {
        "name": "02b07939448e48c5ac7e4b2195862bef.jpg",
        "nickname": "208.jpg",
        "pred": 2,
        "gt": 2,
        "ok": true
      },
      {
        "name": "586764c8aa2a4cf2a665faaab9232388.jpg",
        "nickname": "189.jpg",
        "pred": 0,
        "gt": 0,
        "ok": true
      },
      {
        "name": "c98a855b37f8414196d985c86b1da299.jpg",
        "nickname": "17.jpg",
        "pred": 0,
        "gt": 0,
        "ok": true
      },
      {
        "name": "d24397c274c6404d8b6b48378cd929b3.jpg",
        "nickname": "157.jpg",
        "pred": 0,
        "gt": 0,
        "ok": true
      },
      {
        "name": "59ffd59242124fee81d20567bd4565be.jpg",
        "nickname": "651.jpg",
        "pred": 1,
        "gt": 1,
        "ok": true
      },
      {
        "name": "a5ae17375c334702a0c9a595c096ab29.jpg",
        "nickname": "258.jpg",
        "pred": 0,
        "gt": 0,
        "ok": true
      },
      {
        "name": "4c8e8ad43f6d4720b76c1176c880ba89.jpg",
        "nickname": "295.jpg",
        "pred": 0,
        "gt": 0,
        "ok": true
      },
      {
        "name": "486646c0974a4c4f84a79df228ef59bf.jpg",
        "nickname": "892.jpg",
        "pred": 1,
        "gt": 1,
        "ok": true
      },
      {
        "name": "0dbd49d61c70404d957fb4761b1d25e2.jpg",
        "nickname": "732.jpg",
        "pred": 2,
        "gt": 2,
        "ok": true
      },
      {
        "name": "30fc11e6004d42b39d3dab9715d6e12a.jpg",
        "nickname": "772.jpg",
        "pred": 0,
        "gt": 0,
        "ok": true
      },
      {
        "name": "d5b2743723c84883a5acb645b503df24.jpg",
        "nickname": "348.jpg",
        "pred": 1,
        "gt": 1,
        "ok": true
      },
      {
        "name": "b328cd06ee5143e9849cf8e93af1b241.jpg",
        "nickname": "282.jpg",
        "pred": 1,
        "gt": 1,
        "ok": true
      },
      {
        "name": "ee43e47d9e5a41a1a48ee356c950fb50.jpg",
        "nickname": "491.jpg",
        "pred": 2,
        "gt": 2,
        "ok": true
      },
      {
        "name": "d482eeda1efc49da9ba7bb0413f9bd8d.jpg",
        "nickname": "119.jpg",
        "pred": 0,
        "gt": 0,
        "ok": true
      },
      {
        "name": "bc87f4304dbe4b09a5e08dc1d0119d08.jpg",
        "nickname": "146.jpg",
        "pred": 2,
        "gt": 2,
        "ok": true
      },
      {
        "name": "7b3077e2ea4c4573b72d59303d3f5ec5.jpg",
        "nickname": "816.jpg",
        "pred": 1,
        "gt": 1,
        "ok": true
      },
      {
        "name": "118e154ea5474decb83aeedde86b6214.jpg",
        "nickname": "789.jpg",
        "pred": 2,
        "gt": 2,
        "ok": true
      },
      {
        "name": "fe2ae10331014024be868fe99b57c7fd.jpg",
        "nickname": "345.jpg",
        "pred": 2,
        "gt": 2,
        "ok": true
      },
      {
        "name": "e6cd3b49fc0d45c0a5580f137fd7dad4.jpg",
        "nickname": "655.jpg",
        "pred": 1,
        "gt": 1,
        "ok": true
      },
      {
        "name": "4a6ae11a3d41405b8858461faed08bba.jpg",
        "nickname": "438.jpg",
        "pred": 0,
        "gt": 0,
        "ok": true
      },
      {
        "name": "0d0b8c2c9d7348959da6c2d480b7513f.jpg",
        "nickname": "754.jpg",
        "pred": 2,
        "gt": 2,
        "ok": true
      },
      {
        "name": "9280a3b15088453395514991c5e9c123.jpg",
        "nickname": "169.jpg",
        "pred": 0,
        "gt": 0,
        "ok": true
      },
      {
        "name": "338a38ce523d40ccaa0c5feef7267ab8.jpg",
        "nickname": "773.jpg",
        "pred": 1,
        "gt": 1,
        "ok": true
      },
      {
        "name": "47fcacb95c0b4b47ae5e17ff1e85faa7.jpg",
        "nickname": "339.jpg",
        "pred": 1,
        "gt": 1,
        "ok": true
      },
      {
        "name": "2c312a9d45d64ca88a2c0803a3d4c0f3.jpg",
        "nickname": "192.jpg",
        "pred": 1,
        "gt": 1,
        "ok": true
      },
      {
        "name": "704fcea6e0ed49b5bd7942d43a6dd5d9.jpg",
        "nickname": "155.jpg",
        "pred": 2,
        "gt": 2,
        "ok": true
      },
      {
        "name": "decc654adede486f933641903389f59a.jpg",
        "nickname": "889.jpg",
        "pred": 0,
        "gt": 0,
        "ok": true
      },
      {
        "name": "53db57540fb04a4181ecae39a76cb49e.jpg",
        "nickname": "31.jpg",
        "pred": 0,
        "gt": 0,
        "ok": true
      },
      {
        "name": "b7db083ca2dc4a459f3cf319caa4cf13.jpg",
        "nickname": "501.jpg",
        "pred": 2,
        "gt": 2,
        "ok": true
      },
      {
        "name": "8475897a20f64dd4b24d3bbfe2ed8612.jpg",
        "nickname": "365.jpg",
        "pred": 1,
        "gt": 1,
        "ok": true
      },
      {
        "name": "301c491acbca4b0dacdb7dcbde2911ee.jpg",
        "nickname": "825.jpg",
        "pred": 1,
        "gt": 1,
        "ok": true
      },
      {
        "name": "6564cd90caca4d4894e54f75941cf260.jpg",
        "nickname": "376.jpg",
        "pred": 0,
        "gt": 0,
        "ok": true
      },
      {
        "name": "e25c2516134d46f2a5e2cdfaefaf44e9.jpg",
        "nickname": "652.jpg",
        "pred": 1,
        "gt": 1,
        "ok": true
      },
      {
        "name": "613c2959959249cc8dddcedcd7e41065.jpg",
        "nickname": "540.jpg",
        "pred": 0,
        "gt": 0,
        "ok": true
      },
      {
        "name": "e17817921117462eb9193fda5116cadb.jpg",
        "nickname": "716.jpg",
        "pred": 2,
        "gt": 2,
        "ok": true
      },
      {
        "name": "f2e638ceaaef42e3a514767d1ff7db27.jpg",
        "nickname": "442.jpg",
        "pred": 1,
        "gt": 1,
        "ok": true
      },
      {
        "name": "642e487d3bf34064909695384d96546d.jpg",
        "nickname": "171.jpg",
        "pred": 1,
        "gt": 1,
        "ok": true
      },
      {
        "name": "44d040d9c02b4a5fb6e29955d3db7d52.jpg",
        "nickname": "182.jpg",
        "pred": 2,
        "gt": 2,
        "ok": true
      },
      {
        "name": "8fe9be3f5cad44c9af3bfb760639901b.jpg",
        "nickname": "524.jpg",
        "pred": 1,
        "gt": 1,
        "ok": true
      }
    ]
  }
}