{
  "inputs": {
    "input0": [
      224,
      224,
      3
    ]
  },
  "outputs": {
    "output0": [
      1,
      1,
      3
    ]
  },
  "params_quantity": 831075,
  "loss": [
    [
      1,
      1.18195
    ],
    [
      2,
      1.00716
    ],
    [
      3,
      0.88124
    ],
    [
      4,
      0.79494
    ],
    [
      5,
      0.73175
    ],
    [
      6,
      0.68191
    ],
    [
      7,
      0.64279
    ],
    [
      8,
      0.61096
    ],
    [
      9,
      0.58323
    ],
    [
      10,
      0.55907
    ],
    [
      11,
      0.5398
    ],
    [
      12,
      0.52407
    ],
    [
      13,
      0.50637
    ],
    [
      14,
      0.49459
    ],
    [
      15,
      0.481
    ],
    [
      16,
      0.46989
    ],
    [
      17,
      0.45922
    ],
    [
      18,
      0.45109
    ],
    [
      19,
      0.44222
    ],
    [
      20,
      0.4345
    ],
    [
      21,
      0.42585
    ],
    [
      22,
      0.41943
    ],
    [
      23,
      0.41106
    ],
    [
      24,
      0.4068
    ],
    [
      25,
      0.40019
    ],
    [
      26,
      0.39451
    ],
    [
      27,
      0.38987
    ],
    [
      28,
      0.38423
    ],
    [
      29,
      0.37902
    ],
    [
      30,
      0.37604
    ],
    [
      31,
      0.37127
    ],
    [
      32,
      0.36746
    ],
    [
      33,
      0.36295
    ],
    [
      34,
      0.36162
    ],
    [
      35,
      0.35693
    ],
    [
      36,
      0.35377
    ],
    [
      37,
      0.35127
    ],
    [
      38,
      0.34718
    ],
    [
      39,
      0.34367
    ],
    [
      40,
      0.33851
    ],
    [
      41,
      0.61465
    ],
    [
      42,
      0.45823
    ],
    [
      43,
      0.38585
    ],
    [
      44,
      0.32991
    ],
    [
      45,
      0.29287
    ],
    [
      46,
      0.26584
    ],
    [
      47,
      0.23424
    ],
    [
      48,
      0.2136
    ],
    [
      49,
      0.19132
    ],
    [
      50,
      0.17468
    ],
    [
      51,
      0.16604
    ],
    [
      52,
      0.15511
    ],
    [
      53,
      0.14759
    ],
    [
      54,
      0.13519
    ],
    [
      55,
      0.12825
    ],
    [
      56,
      0.12169
    ],
    [
      57,
      0.11073
    ],
    [
      58,
      0.10837
    ],
    [
      59,
      0.10184
    ],
    [
      60,
      0.10135
    ],
    [
      61,
      0.09255
    ],
    [
      62,
      0.09258
    ],
    [
      63,
      0.08842
    ],
    [
      64,
      0.0849
    ],
    [
      65,
      0.07842
    ],
    [
      66,
      0.07598
    ],
    [
      67,
      0.07588
    ],
    [
      68,
      0.06992
    ],
    [
      69,
      0.06835
    ],
    [
      70,
      0.07232
    ],
    [
      71,
      0.06712
    ],
    [
      72,
      0.06597
    ],
    [
      73,
      0.06438
    ],
    [
      74,
      0.06163
    ],
    [
      75,
      0.05995
    ],
    [
      76,
      0.05717
    ],
    [
      77,
      0.05755
    ],
    [
      78,
      0.05563
    ],
    [
      79,
      0.05747
    ],
    [
      80,
      0.05449
    ],
    [
      81,
      0.0554
    ],
    [
      82,
      0.05323
    ],
    [
      83,
      0.05167
    ],
    [
      84,
      0.05251
    ],
    [
      85,
      0.05145
    ],
    [
      86,
      0.05125
    ],
    [
      87,
      0.04776
    ],
    [
      88,
      0.04851
    ],
    [
      89,
      0.0471
    ],
    [
      90,
      0.04805
    ],
    [
      91,
      0.04418
    ],
    [
      92,
      0.04487
    ],
    [
      93,
      0.05031
    ],
    [
      94,
      0.04387
    ],
    [
      95,
      0.04761
    ],
    [
      96,
      0.04382
    ],
    [
      97,
      0.04161
    ],
    [
      98,
      0.04138
    ],
    [
      99,
      0.04264
    ],
    [
      100,
      0.04188
    ]
  ],
  "acc": [
    [
      1,
      0.37882
    ],
    [
      2,
      0.49195
    ],
    [
      3,
      0.62319
    ],
    [
      4,
      0.69968
    ],
    [
      5,
      0.72786
    ],
    [
      6,
      0.75161
    ],
    [
      7,
      0.7649
    ],
    [
      8,
      0.78583
    ],
    [
      9,
      0.79911
    ],
    [
      10,
      0.80274
    ],
    [
      11,
      0.81522
    ],
    [
      12,
      0.81602
    ],
    [
      13,
      0.82729
    ],
    [
      14,
      0.83655
    ],
    [
      15,
      0.83897
    ],
    [
      16,
      0.84501
    ],
    [
      17,
      0.84944
    ],
    [
      18,
      0.85507
    ],
    [
      19,
      0.86232
    ],
    [
      20,
      0.86755
    ],
    [
      21,
      0.87399
    ],
    [
      22,
      0.87399
    ],
    [
      23,
      0.88084
    ],
    [
      24,
      0.88245
    ],
    [
      25,
      0.89171
    ],
    [
      26,
      0.89614
    ],
    [
      27,
      0.89332
    ],
    [
      28,
      0.90258
    ],
    [
      29,
      0.90258
    ],
    [
      30,
      0.9058
    ],
    [
      31,
      0.907
    ],
    [
      32,
      0.90942
    ],
    [
      33,
      0.91224
    ],
    [
      34,
      0.91184
    ],
    [
      35,
      0.91264
    ],
    [
      36,
      0.91667
    ],
    [
      37,
      0.91707
    ],
    [
      38,
      0.91908
    ],
    [
      39,
      0.9219
    ],
    [
      40,
      0.92794
    ],
    [
      41,
      0.74436
    ],
    [
      42,
      0.86192
    ],
    [
      43,
      0.90177
    ],
    [
      44,
      0.92834
    ],
    [
      45,
      0.94283
    ],
    [
      46,
      0.95853
    ],
    [
      47,
      0.9686
    ],
    [
      48,
      0.97303
    ],
    [
      49,
      0.97424
    ],
    [
      50,
      0.98309
    ],
    [
      51,
      0.98873
    ],
    [
      52,
      0.98551
    ],
    [
      53,
      0.98953
    ],
    [
      54,
      0.99074
    ],
    [
      55,
      0.98994
    ],
    [
      56,
      0.98953
    ],
    [
      57,
      0.99275
    ],
    [
      58,
      0.99396
    ],
    [
      59,
      0.99316
    ],
    [
      60,
      0.99195
    ],
    [
      61,
      0.99678
    ],
    [
      62,
      0.99638
    ],
    [
      63,
      0.99597
    ],
    [
      64,
      0.99477
    ],
    [
      65,
      0.99638
    ],
    [
      66,
      0.99678
    ],
    [
      67,
      0.99718
    ],
    [
      68,
      0.99799
    ],
    [
      69,
      0.99758
    ],
    [
      70,
      0.99758
    ],
    [
      71,
      0.99799
    ],
    [
      72,
      0.99597
    ],
    [
      73,
      0.99718
    ],
    [
      74,
      0.99839
    ],
    [
      75,
      0.99919
    ],
    [
      76,
      0.99839
    ],
    [
      77,
      0.99799
    ],
    [
      78,
      0.99799
    ],
    [
      79,
      0.99718
    ],
    [
      80,
      0.99839
    ],
    [
      81,
      0.99758
    ],
    [
      82,
      0.99839
    ],
    [
      83,
      0.99919
    ],
    [
      84,
      0.99799
    ],
    [
      85,
      0.99799
    ],
    [
      86,
      0.99919
    ],
    [
      87,
      0.99758
    ],
    [
      88,
      0.99839
    ],
    [
      89,
      0.99879
    ],
    [
      90,
      0.99839
    ],
    [
      91,
      0.99879
    ],
    [
      92,
      0.99919
    ],
    [
      93,
      0.99597
    ],
    [
      94,
      0.99879
    ],
    [
      95,
      0.99839
    ],
    [
      96,
      1.0
    ],
    [
      97,
      0.99839
    ],
    [
      98,
      0.99879
    ],
    [
      99,
      0.99879
    ],
    [
      100,
      0.9996
    ]
  ],
  "lr": [
    [
      1,
      0.001
    ],
    [
      2,
      0.00098
    ],
    [
      3,
      0.00095
    ],
    [
      4,
      0.00093
    ],
    [
      5,
      0.00091
    ],
    [
      6,
      0.00089
    ],
    [
      7,
      0.00087
    ],
    [
      8,
      0.00085
    ],
    [
      9,
      0.00083
    ],
    [
      10,
      0.00081
    ],
    [
      11,
      0.00079
    ],
    [
      12,
      0.00078
    ],
    [
      13,
      0.00076
    ],
    [
      14,
      0.00074
    ],
    [
      15,
      0.00072
    ],
    [
      16,
      0.00071
    ],
    [
      17,
      0.00069
    ],
    [
      18,
      0.00068
    ],
    [
      19,
      0.00066
    ],
    [
      20,
      0.00065
    ],
    [
      21,
      0.00063
    ],
    [
      22,
      0.00062
    ],
    [
      23,
      0.0006
    ],
    [
      24,
      0.00059
    ],
    [
      25,
      0.00058
    ],
    [
      26,
      0.00056
    ],
    [
      27,
      0.00055
    ],
    [
      28,
      0.00054
    ],
    [
      29,
      0.00052
    ],
    [
      30,
      0.00051
    ],
    [
      31,
      0.0005
    ],
    [
      32,
      0.00049
    ],
    [
      33,
      0.00048
    ],
    [
      34,
      0.00047
    ],
    [
      35,
      0.00046
    ],
    [
      36,
      0.00045
    ],
    [
      37,
      0.00044
    ],
    [
      38,
      0.00043
    ],
    [
      39,
      0.00042
    ],
    [
      40,
      0.00041
    ],
    [
      41,
      0.0004
    ],
    [
      42,
      0.00039
    ],
    [
      43,
      0.00038
    ],
    [
      44,
      0.00037
    ],
    [
      45,
      0.00036
    ],
    [
      46,
      0.00035
    ],
    [
      47,
      0.00035
    ],
    [
      48,
      0.00034
    ],
    [
      49,
      0.00033
    ],
    [
      50,
      0.00032
    ],
    [
      51,
      0.00032
    ],
    [
      52,
      0.00031
    ],
    [
      53,
      0.0003
    ],
    [
      54,
      0.0003
    ],
    [
      55,
      0.00029
    ],
    [
      56,
      0.00028
    ],
    [
      57,
      0.00028
    ],
    [
      58,
      0.00027
    ],
    [
      59,
      0.00026
    ],
    [
      60,
      0.00026
    ],
    [
      61,
      0.00025
    ],
    [
      62,
      0.00025
    ],
    [
      63,
      0.00024
    ],
    [
      64,
      0.00023
    ],
    [
      65,
      0.00023
    ],
    [
      66,
      0.00022
    ],
    [
      67,
      0.00022
    ],
    [
      68,
      0.00021
    ],
    [
      69,
      0.00021
    ],
    [
      70,
      0.0002
    ],
    [
      71,
      0.0002
    ],
    [
      72,
      0.00019
    ],
    [
      73,
      0.00019
    ],
    [
      74,
      0.00019
    ],
    [
      75,
      0.00018
    ],
    [
      76,
      0.00018
    ],
    [
      77,
      0.00017
    ],
    [
      78,
      0.00017
    ],
    [
      79,
      0.00017
    ],
    [
      80,
      0.00016
    ],
    [
      81,
      0.00016
    ],
    [
      82,
      0.00015
    ],
    [
      83,
      0.00015
    ],
    [
      84,
      0.00015
    ],
    [
      85,
      0.00014
    ],
    [
      86,
      0.00014
    ],
    [
      87,
      0.00014
    ],
    [
      88,
      0.00013
    ],
    [
      89,
      0.00013
    ],
    [
      90,
      0.00013
    ],
    [
      91,
      0.00013
    ],
    [
      92,
      0.00012
    ],
    [
      93,
      0.00012
    ],
    [
      94,
      0.00012
    ],
    [
      95,
      0.00011
    ],
    [
      96,
      0.00011
    ],
    [
      97,
      0.00011
    ],
    [
      98,
      0.00011
    ],
    [
      99,
      0.0001
    ],
    [
      100,
      0.0001
    ]
  ],
  "val_loss": [
    [
      10,
      0.55943
    ],
    [
      20,
      0.43619
    ],
    [
      30,
      0.38123
    ],
    [
      40,
      0.34886
    ],
    [
      50,
      0.16107
    ],
    [
      60,
      0.08477
    ],
    [
      70,
      0.05753
    ],
    [
      80,
      0.04464
    ],
    [
      90,
      0.03733
    ],
    [
      100,
      0.03279
    ]
  ],
  "val_acc": [
    [
      10,
      0.81004
    ],
    [
      20,
      0.85305
    ],
    [
      30,
      0.90681
    ],
    [
      40,
      0.91756
    ],
    [
      50,
      0.99642
    ],
    [
      60,
      1.0
    ],
    [
      70,
      1.0
    ],
    [
      80,
      1.0
    ],
    [
      90,
      1.0
    ],
    [
      100,
      1.0
    ]
  ],
  "mean": 123.5,
  "std": 58.395,
  "label_type": "classification",
  "data_type": "image",
  "labels": [
    "up",
    "left",
    "right"
  ],
  "best_eval": {
    "epoch": 100,
    "val_acc": 1.0,
    "val_info": [
      {
        "name": "8c9ba2c9ffc94dfa9c5b2738aa1eda74.jpg",
        "nickname": "50.jpg",
        "pred": 1,
        "gt": 1,
        "ok": true
      },
      {
        "name": "a15ab7965f9d4f44a3712ec58cf4f285.jpg",
        "nickname": "737.jpg",
        "pred": 1,
        "gt": 1,
        "ok": true
      },
      {
        "name": "6693ec3f17d3409e81e124a5afb30702.jpg",
        "nickname": "779.jpg",
        "pred": 2,
        "gt": 2,
        "ok": true
      },
      {
        "name": "7e6fe890dc1c46579a1fd7c972129a3f.jpg",
        "nickname": "209.jpg",
        "pred": 2,
        "gt": 2,
        "ok": true
      },
      {
        "name": "580ce95879764d0ebc1b0ad3f8bd7ac7.jpg",
        "nickname": "843.jpg",
        "pred": 0,
        "gt": 0,
        "ok": true
      },
      {
        "name": "5cbfc332c87040a395d880858c4baf3d.jpg",
        "nickname": "212.jpg",
        "pred": 2,
        "gt": 2,
        "ok": true
      },
      {
        "name": "bbf0c724db5547f28cf665f1d93c61d4.jpg",
        "nickname": "690.jpg",
        "pred": 2,
        "gt": 2,
        "ok": true
      },
      {
        "name": "e3e908104e484dcf9ff8f5a0a106a07a.jpg",
        "nickname": "425.jpg",
        "pred": 2,
        "gt": 2,
        "ok": true
      },
      {
        "name": "e6e640ebf7c84ef69898e6276499cea8.jpg",
        "nickname": "91.jpg",
        "pred": 0,
        "gt": 0,
        "ok": true
      },
      {
        "name": "59498f7ee64349b5b1ffe8c4d6033225.jpg",
        "nickname": "664.jpg",
        "pred": 1,
        "gt": 1,
        "ok": true
      },
      {
        "name": "209972ea1ae44225b58751b779478a28.jpg",
        "nickname": "778.jpg",
        "pred": 1,
        "gt": 1,
        "ok": true
      },
      {
        "name": "a51bad8d7baf4b59a20779030ac62a4c.jpg",
        "nickname": "104.jpg",
        "pred": 0,
        "gt": 0,
        "ok": true
      },
      {
        "name": "843710c149f94e56baf8a3e334067829.jpg",
        "nickname": "303.jpg",
        "pred": 0,
        "gt": 0,
        "ok": true
      },
      {
        "name": "284442ad5fe8447bbe357fd84d3dbc9e.jpg",
        "nickname": "909.jpg",
        "pred": 1,
        "gt": 1,
        "ok": true
      },
      {
        "name": "9ee5059828a24c2199b4ee3b13d31169.jpg",
        "nickname": "364.jpg",
        "pred": 2,
        "gt": 2,
        "ok": true
      },
      {
        "name": "95048ce7dd3f4c87a5fb9acba332ba7b.jpg",
        "nickname": "715.jpg",
        "pred": 1,
        "gt": 1,
        "ok": true
      },
      {
        "name": "56ecbc1e6d1c4c7197e1ed180af8b8c3.jpg",
        "nickname": "386.jpg",
        "pred": 2,
        "gt": 2,
        "ok": true
      },
      {
        "name": "db4cd4fb6b9b452ba253dad2ff6608bc.jpg",
        "nickname": "68.jpg",
        "pred": 1,
        "gt": 1,
        "ok": true
      },
      {
        "name": "67ccf00b4bec41e880b8ee48fd08f3c2.jpg",
        "nickname": "245.jpg",
        "pred": 1,
        "gt": 1,
        "ok": true
      },
      {
        "name": "d5a224cce67647a7927c0cf6a95b154b.jpg",
        "nickname": "747.jpg",
        "pred": 0,
        "gt": 0,
        "ok": true
      },
      {
        "name": "ce69ed4dc5204aaead1ef78aed26f571.jpg",
        "nickname": "662.jpg",
        "pred": 0,
        "gt": 0,
        "ok": true
      },
      {
        "name": "1cdfc80713d84cae8dd8199b5cab01e6.jpg",
        "nickname": "718.jpg",
        "pred": 0,
        "gt": 0,
        "ok": true
      },
      {
        "name": "359a4a80691b4c3b942443cc2e7587b6.jpg",
        "nickname": "874.jpg",
        "pred": 1,
        "gt": 1,
        "ok": true
      },
      {
        "name": "2335c8e7af1d47349ab900eeef756e5b.jpg",
        "nickname": "68.jpg",
        "pred": 0,
        "gt": 0,
        "ok": true
      },
      {
        "name": "3c2c0149ce8f455ab7009569f5a04ddf.jpg",
        "nickname": "252.jpg",
        "pred": 1,
        "gt": 1,
        "ok": true
      },
      {
        "name": "bc2dbf5023f94a8c9415a762bd7f94f2.jpg",
        "nickname": "190.jpg",
        "pred": 2,
        "gt": 2,
        "ok": true
      },
      {
        "name": "a50533664561427f8aed9be61ee339fc.jpg",
        "nickname": "342.jpg",
        "pred": 0,
        "gt": 0,
        "ok": true
      },
      {
        "name": "e81f68a68f4f4a95b7e4f1733fc63223.jpg",
        "nickname": "51.jpg",
        "pred": 0,
        "gt": 0,
        "ok": true
      },
      {
        "name": "fb58d64eef3740ee98b049f4bee16faf.jpg",
        "nickname": "91.jpg",
        "pred": 2,
        "gt": 2,
        "ok": true
      },
      {
        "name": "b6581bb81ef94863ba65b1cbd9bd1e92.jpg",
        "nickname": "488.jpg",
        "pred": 2,
        "gt": 2,
        "ok": true
      },
      {
        "name": "f63235f77e034affb88835d3e504c42f.jpg",
        "nickname": "477.jpg",
        "pred": 1,
        "gt": 1,
        "ok": true
      },
      {
        "name": "34d115b5ebba4d369399411e4a5f215e.jpg",
        "nickname": "487.jpg",
        "pred": 1,
        "gt": 1,
        "ok": true
      },
      {
        "name": "e59e9777d6974205bea6190dfea65dd0.jpg",
        "nickname": "824.jpg",
        "pred": 0,
        "gt": 0,
        "ok": true
      },
      {
        "name": "881ab5960fbe473cad30c787a0064e6c.jpg",
        "nickname": "381.jpg",
        "pred": 2,
        "gt": 2,
        "ok": true
      },
      {
        "name": "c37b0e54ce21478ab3fc33a6659ddb46.jpg",
        "nickname": "733.jpg",
        "pred": 2,
        "gt": 2,
        "ok": true
      },
      {
        "name": "75b2e241f4fe4767a85a40b1496d5db0.jpg",
        "nickname": "454.jpg",
        "pred": 1,
        "gt": 1,
        "ok": true
      },
      {
        "name": "c24bf26b1dbc490eb4d887288bf43d88.jpg",
        "nickname": "125.jpg",
        "pred": 0,
        "gt": 0,
        "ok": true
      },
      {
        "name": "bb7af4f124d44a7f84e763dc1b4fc8b5.jpg",
        "nickname": "136.jpg",
        "pred": 1,
        "gt": 1,
        "ok": true
      },
      {
        "name": "f581b5e487ec4811824df782f6f1a5be.jpg",
        "nickname": "335.jpg",
        "pred": 2,
        "gt": 2,
        "ok": true
      },
      {
        "name": "2f16ea861d214887aa64bc751841add3.jpg",
        "nickname": "409.jpg",
        "pred": 0,
        "gt": 0,
        "ok": true
      },
      {
        "name": "477da1a466c846609fa8d1ca260a3d89.jpg",
        "nickname": "310.jpg",
        "pred": 0,
        "gt": 0,
        "ok": true
      },
      {
        "name": "47ecdf951401432693ff5c37b5eb1f2f.jpg",
        "nickname": "642.jpg",
        "pred": 2,
        "gt": 2,
        "ok": true
      },
      {
        "name": "9d8f437285b848bc8ee599664ba5a2f2.jpg",
        "nickname": "265.jpg",
        "pred": 0,
        "gt": 0,
        "ok": true
      },
      {
        "name": "67539be9cf68469e97b358415075e7b0.jpg",
        "nickname": "284.jpg",
        "pred": 0,
        "gt": 0,
        "ok": true
      },
      {
        "name": "b8b04064f9564075a39682d321243a98.jpg",
        "nickname": "917.jpg",
        "pred": 1,
        "gt": 1,
        "ok": true
      },
      {
        "name": "30e44bf4384944f2b5d1913db8582090.jpg",
        "nickname": "262.jpg",
        "pred": 2,
        "gt": 2,
        "ok": true
      },
      {
        "name": "edb78dc19c9847298a21ba009b691a65.jpg",
        "nickname": "542.jpg",
        "pred": 0,
        "gt": 0,
        "ok": true
      },
      {
        "name": "985b9a518b124db4876176d9fc9fbb45.jpg",
        "nickname": "673.jpg",
        "pred": 0,
        "gt": 0,
        "ok": true
      },
      {
        "name": "f7008e5e91db4de8898156ab211ea203.jpg",
        "nickname": "43.jpg",
        "pred": 1,
        "gt": 1,
        "ok": true
      },
      {
        "name": "3e9629ffda2140718aa455e1f9d670e9.jpg",
        "nickname": "572.jpg",
        "pred": 2,
        "gt": 2,
        "ok": true
      },
      {
        "name": "157db21915eb480c872827a506196604.jpg",
        "nickname": "567.jpg",
        "pred": 2,
        "gt": 2,
        "ok": true
      },
      {
        "name": "d018a58eefdf45bc990cfb45d88f404d.jpg",
        "nickname": "563.jpg",
        "pred": 1,
        "gt": 1,
        "ok": true
      },
      {
        "name": "0c2c66c9916b40098457109c860a864e.jpg",
        "nickname": "630.jpg",
        "pred": 0,
        "gt": 0,
        "ok": true
      },
      {
        "name": "b707c6b2ef6a46f890ee0227d74c5990.jpg",
        "nickname": "3.jpg",
        "pred": 1,
        "gt": 1,
        "ok": true
      },
      {
        "name": "37d5df6a65dd40eea0d6e5e8772c4464.jpg",
        "nickname": "810.jpg",
        "pred": 2,
        "gt": 2,
        "ok": true
      },
      {
        "name": "b2f75ac63d29440c994552c6c6ecec61.jpg",
        "nickname": "820.jpg",
        "pred": 1,
        "gt": 1,
        "ok": true
      },
      {
        "name": "ca2f2ac2ab0a4df690d5a467c5bfd3f2.jpg",
        "nickname": "532.jpg",
        "pred": 1,
        "gt": 1,
        "ok": true
      },
      {
        "name": "ff89f0c9d5b04c07aaac01dae463ec1e.jpg",
        "nickname": "712.jpg",
        "pred": 0,
        "gt": 0,
        "ok": true
      },
      {
        "name": "0f67f3fab33a496b8c83640134a8b2f7.jpg",
        "nickname": "513.jpg",
        "pred": 0,
        "gt": 0,
        "ok": true
      },
      {
        "name": "8832baf659a4420788e5b1ef3fac1df3.jpg",
        "nickname": "786.jpg",
        "pred": 1,
        "gt": 1,
        "ok": true
      },
      {
        "name": "e3e9e769d0704253a5d93aec78494084.jpg",
        "nickname": "588.jpg",
        "pred": 1,
        "gt": 1,
        "ok": true
      },
      {
        "name": "a89b2e64e9674bce9cf311e39cdf8b6e.jpg",
        "nickname": "81.jpg",
        "pred": 2,
        "gt": 2,
        "ok": true
      },
      {
        "name": "f983b16f0f134083a8f6de7fdf32a6f0.jpg",
        "nickname": "737.jpg",
        "pred": 2,
        "gt": 2,
        "ok": true
      },
      {
        "name": "df5b7d05e5ed4ceb92391ad77bc524f8.jpg",
        "nickname": "314.jpg",
        "pred": 2,
        "gt": 2,
        "ok": true
      },
      {
        "name": "176c0b91d2da49c9874b67079ba79cbd.jpg",
        "nickname": "601.jpg",
        "pred": 0,
        "gt": 0,
        "ok": true
      },
      {
        "name": "b494012d547a42c4baad2e4a4cc5ed1e.jpg",
        "nickname": "239.jpg",
        "pred": 0,
        "gt": 0,
        "ok": true
      },
      {
        "name": "e1c57e9102e24b2d820be63ddefd828a.jpg",
        "nickname": "869.jpg",
        "pred": 0,
        "gt": 0,
        "ok": true
      },
      {
        "name": "2833f61537ae4254b539a1d9fe0ea37b.jpg",
        "nickname": "795.jpg",
        "pred": 2,
        "gt": 2,
        "ok": true
      },
      {
        "name": "76ca9ce49b07431f948d0024032a235b.jpg",
        "nickname": "461.jpg",
        "pred": 2,
        "gt": 2,
        "ok": true
      },
      {
        "name": "af1f212990824cdd82f98eb954def6ae.jpg",
        "nickname": "632.jpg",
        "pred": 2,
        "gt": 2,
        "ok": true
      },
      {
        "name": "4d148c55e31d4dd19cfc93cfc6138b5b.jpg",
        "nickname": "41.jpg",
        "pred": 2,
        "gt": 2,
        "ok": true
      },
      {
        "name": "60c089386f1245629ce9668f29068825.jpg",
        "nickname": "698.jpg",
        "pred": 0,
        "gt": 0,
        "ok": true
      },
      {
        "name": "b73e955026084387a2fad15302fb8fdd.jpg",
        "nickname": "155.jpg",
        "pred": 0,
        "gt": 0,
        "ok": true
      },
      {
        "name": "4b57c26136e240839f018b8cebdba0c8.jpg",
        "nickname": "126.jpg",
        "pred": 0,
        "gt": 0,
        "ok": true
      },
      {
        "name": "e9beea55ea8248da836d39ea97b417a5.jpg",
        "nickname": "461.jpg",
        "pred": 0,
        "gt": 0,
        "ok": true
      },
      {
        "name": "126050c22aee4b52a8cff956b505d226.jpg",
        "nickname": "355.jpg",
        "pred": 1,
        "gt": 1,
        "ok": true
      },
      {
        "name": "55a2f640ccd545c89248f83e5b718215.jpg",
        "nickname": "343.jpg",
        "pred": 1,
        "gt": 1,
        "ok": true
      },
      {
        "name": "0ad1162fc45e42928f3aae9a2dceb470.jpg",
        "nickname": "1.jpg",
        "pred": 2,
        "gt": 2,
        "ok": true
      },
      {
        "name": "a203b189cc30448898bf008fcd221bdb.jpg",
        "nickname": "715.jpg",
        "pred": 0,
        "gt": 0,
        "ok": true
      },
      {
        "name": "826c035b6d024d6a800765c118c20cea.jpg",
        "nickname": "230.jpg",
        "pred": 0,
        "gt": 0,
        "ok": true
      },
      {
        "name": "000d3217b97c43aa87d604654cb818e3.jpg",
        "nickname": "554.jpg",
        "pred": 0,
        "gt": 0,
        "ok": true
      },
      {
        "name": "92bda449775a4db9a1e3018deacd240e.jpg",
        "nickname": "55.jpg",
        "pred": 1,
        "gt": 1,
        "ok": true
      },
      {
        "name": "b899f550c4484fcb89f3ec8669db2a8b.jpg",
        "nickname": "462.jpg",
        "pred": 0,
        "gt": 0,
        "ok": true
      },
      {
        "name": "f509594abd9043aebd5a44bac7dae3ac.jpg",
        "nickname": "864.jpg",
        "pred": 0,
        "gt": 0,
        "ok": true
      },
      {
        "name": "9b04aa97657c4e918a6de07e71e37414.jpg",
        "nickname": "332.jpg",
        "pred": 0,
        "gt": 0,
        "ok": true
      },
      {
        "name": "1e178728a213430691af68aaa9d3c807.jpg",
        "nickname": "741.jpg",
        "pred": 0,
        "gt": 0,
        "ok": true
      },
      {
        "name": "a24292d8eb454f898f1684add854ebc7.jpg",
        "nickname": "615.jpg",
        "pred": 1,
        "gt": 1,
        "ok": true
      },
      {
        "name": "cded9cb9b44046f68613185f7d85be44.jpg",
        "nickname": "207.jpg",
        "pred": 1,
        "gt": 1,
        "ok": true
      },
      {
        "name": "e25c2516134d46f2a5e2cdfaefaf44e9.jpg",
        "nickname": "652.jpg",
        "pred": 1,
        "gt": 1,
        "ok": true
      },
      {
        "name": "2cadd68da3644627bec965debc759ab0.jpg",
        "nickname": "424.jpg",
        "pred": 2,
        "gt": 2,
        "ok": true
      },
      {
        "name": "82a53f3a8d4b4779bae8dbb6d0777eeb.jpg",
        "nickname": "748.jpg",
        "pred": 0,
        "gt": 0,
        "ok": true
      },
      {
        "name": "ccbee9e7021d4e50a28570b760fdc383.jpg",
        "nickname": "554.jpg",
        "pred": 2,
        "gt": 2,
        "ok": true
      },
      {
        "name": "220f8caffabd4520a0bbf245141c7453.jpg",
        "nickname": "605.jpg",
        "pred": 0,
        "gt": 0,
        "ok": true
      },
      {
        "name": "59bf3cca14474ec9a68ad63905d93787.jpg",
        "nickname": "595.jpg",
        "pred": 1,
        "gt": 1,
        "ok": true
      },
      {
        "name": "0ee79884cbf449cd90e09b161529cdf1.jpg",
        "nickname": "438.jpg",
        "pred": 2,
        "gt": 2,
        "ok": true
      },
      {
        "name": "321602ed1f28499f8683fac66a6ad5dc.jpg",
        "nickname": "714.jpg",
        "pred": 1,
        "gt": 1,
        "ok": true
      },
      {
        "name": "a4221d44d4d349c7816ca54bb840cf8b.jpg",
        "nickname": "433.jpg",
        "pred": 0,
        "gt": 0,
        "ok": true
      },
      {
        "name": "a2d48c10d69d4125a4c7073253e078a3.jpg",
        "nickname": "44.jpg",
        "pred": 0,
        "gt": 0,
        "ok": true
      },
      {
        "name": "676394c076664aea948541721ae3353b.jpg",
        "nickname": "512.jpg",
        "pred": 1,
        "gt": 1,
        "ok": true
      },
      {
        "name": "cdbea85813124e7085075a590a925577.jpg",
        "nickname": "706.jpg",
        "pred": 0,
        "gt": 0,
        "ok": true
      },
      {
        "name": "eb48f788b82649eaa6324920efdc78ef.jpg",
        "nickname": "681.jpg",
        "pred": 2,
        "gt": 2,
        "ok": true
      },
      {
        "name": "440e831977c149c0a820198c731d688a.jpg",
        "nickname": "365.jpg",
        "pred": 2,
        "gt": 2,
        "ok": true
      },
      {
        "name": "63c5b9863339406a8238ebcd6d44654b.jpg",
        "nickname": "16.jpg",
        "pred": 1,
        "gt": 1,
        "ok": true
      },
      {
        "name": "68098bfb64cf4df4b89c781cad0ded75.jpg",
        "nickname": "297.jpg",
        "pred": 2,
        "gt": 2,
        "ok": true
      },
      {
        "name": "c29e8bb2452846cf90252ac093307471.jpg",
        "nickname": "674.jpg",
        "pred": 0,
        "gt": 0,
        "ok": true
      },
      {
        "name": "d3a6156e97bd44399112badfeff1804f.jpg",
        "nickname": "610.jpg",
        "pred": 0,
        "gt": 0,
        "ok": true
      },
      {
        "name": "ea87c774ed8b414ca405275f52bb51c2.jpg",
        "nickname": "243.jpg",
        "pred": 2,
        "gt": 2,
        "ok": true
      },
      {
        "name": "35b1debaf1c04520994a6ba87a579960.jpg",
        "nickname": "498.jpg",
        "pred": 0,
        "gt": 0,
        "ok": true
      },
      {
        "name": "1b2cb1e8ef8e41219410c6f0924148ea.jpg",
        "nickname": "195.jpg",
        "pred": 2,
        "gt": 2,
        "ok": true
      },
      {
        "name": "f4499bce1e164c069b1d33c6a38b4595.jpg",
        "nickname": "809.jpg",
        "pred": 2,
        "gt": 2,
        "ok": true
      },
      {
        "name": "eae9e2cc30ce496d842cf51297457f27.jpg",
        "nickname": "363.jpg",
        "pred": 2,
        "gt": 2,
        "ok": true
      },
      {
        "name": "b2e3b29bdbeb4b10b5e20dc6d357d42c.jpg",
        "nickname": "407.jpg",
        "pred": 2,
        "gt": 2,
        "ok": true
      },
      {
        "name": "7ead149b3a0940c6b3b9f8285702a7d4.jpg",
        "nickname": "626.jpg",
        "pred": 0,
        "gt": 0,
        "ok": true
      },
      {
        "name": "23a6ec3774fe41b784b39de17a5aefbf.jpg",
        "nickname": "456.jpg",
        "pred": 0,
        "gt": 0,
        "ok": true
      },
      {
        "name": "37ffd1a9afa84c2da1eb2a0fafa57af0.jpg",
        "nickname": "580.jpg",
        "pred": 2,
        "gt": 2,
        "ok": true
      },
      {
        "name": "5c0f6c5fe3d542ce85987c99391cd162.jpg",
        "nickname": "59.jpg",
        "pred": 1,
        "gt": 1,
        "ok": true
      },
      {
        "name": "6c98c4fc39c74f9fa4bcb47eedaa1d07.jpg",
        "nickname": "628.jpg",
        "pred": 1,
        "gt": 1,
        "ok": true
      },
      {
        "name": "6705c706d79d4693b9922e9dedc9bbf1.jpg",
        "nickname": "82.jpg",
        "pred": 1,
        "gt": 1,
        "ok": true
      },
      {
        "name": "6cd87d2387ad4cb89855a265312a067b.jpg",
        "nickname": "291.jpg",
        "pred": 2,
        "gt": 2,
        "ok": true
      },
      {
        "name": "8a538f36038b493485f182bd31f2c114.jpg",
        "nickname": "307.jpg",
        "pred": 2,
        "gt": 2,
        "ok": true
      },
      {
        "name": "5127c8bfb6804d2f8edc8a6f586e7bed.jpg",
        "nickname": "166.jpg",
        "pred": 0,
        "gt": 0,
        "ok": true
      },
      {
        "name": "5a3d1c194dbe41de95aa1e90911c069a.jpg",
        "nickname": "224.jpg",
        "pred": 0,
        "gt": 0,
        "ok": true
      },
      {
        "name": "e3f55d2986184f2db251c08592f56f4f.jpg",
        "nickname": "619.jpg",
        "pred": 0,
        "gt": 0,
        "ok": true
      },
      {
        "name": "d68a9398e8914d03a7b191dc24ddffb4.jpg",
        "nickname": "132.jpg",
        "pred": 2,
        "gt": 2,
        "ok": true
      },
      {
        "name": "460d3bcfa5a14b7d89dbd7a56a698f0f.jpg",
        "nickname": "527.jpg",
        "pred": 1,
        "gt": 1,
        "ok": true
      },
      {
        "name": "2975d6fc62e74ac79c7e14f45441696f.jpg",
        "nickname": "229.jpg",
        "pred": 2,
        "gt": 2,
        "ok": true
      },
      {
        "name": "bbe38bca03e14250870f316415ec79fe.jpg",
        "nickname": "872.jpg",
        "pred": 0,
        "gt": 0,
        "ok": true
      },
      {
        "name": "8e901b33bb984ea18de01eccbfadbd8b.jpg",
        "nickname": "93.jpg",
        "pred": 2,
        "gt": 2,
        "ok": true
      },
      {
        "name": "2b2146e3b5a043e3908aa9b6465fa4b1.jpg",
        "nickname": "76.jpg",
        "pred": 2,
        "gt": 2,
        "ok": true
      },
      {
        "name": "4fd304ec9ea2428b929d03996b6e348a.jpg",
        "nickname": "325.jpg",
        "pred": 2,
        "gt": 2,
        "ok": true
      },
      {
        "name": "cb471bdd591140d7ac12ce89d49e431b.jpg",
        "nickname": "235.jpg",
        "pred": 1,
        "gt": 1,
        "ok": true
      },
      {
        "name": "110ed402b8d34db792586f6bb862991f.jpg",
        "nickname": "769.jpg",
        "pred": 1,
        "gt": 1,
        "ok": true
      },
      {
        "name": "d126fd6e12954585b6103f9cd15c0ee3.jpg",
        "nickname": "853.jpg",
        "pred": 0,
        "gt": 0,
        "ok": true
      },
      {
        "name": "7376535b04ff4d16852c8e7cb9bcd640.jpg",
        "nickname": "173.jpg",
        "pred": 0,
        "gt": 0,
        "ok": true
      },
      {
        "name": "301c491acbca4b0dacdb7dcbde2911ee.jpg",
        "nickname": "825.jpg",
        "pred": 1,
        "gt": 1,
        "ok": true
      },
      {
        "name": "8a5bb892a5184c959fdd99b41603404f.jpg",
        "nickname": "500.jpg",
        "pred": 1,
        "gt": 1,
        "ok": true
      },
      {
        "name": "a4471d0c5c664f858d725dc94b4767fa.jpg",
        "nickname": "97.jpg",
        "pred": 1,
        "gt": 1,
        "ok": true
      },
      {
        "name": "05d827df4de64a06bed9e5dd4a9fda90.jpg",
        "nickname": "380.jpg",
        "pred": 1,
        "gt": 1,
        "ok": true
      },
      {
        "name": "98296b7b6ef1410a98049e4639fa8a39.jpg",
        "nickname": "536.jpg",
        "pred": 2,
        "gt": 2,
        "ok": true
      },
      {
        "name": "91bdd327200f4403bbc8319aa0cce494.jpg",
        "nickname": "580.jpg",
        "pred": 1,
        "gt": 1,
        "ok": true
      },
      {
        "name": "e16c5713bc494e0fb2a7bd614059db7a.jpg",
        "nickname": "73.jpg",
        "pred": 2,
        "gt": 2,
        "ok": true
      },
      {
        "name": "03e3bde8bc9844ee857b35e8fffaa55c.jpg",
        "nickname": "603.jpg",
        "pred": 2,
        "gt": 2,
        "ok": true
      },
      {
        "name": "576ac84586aa4f77a7381d3f38254c64.jpg",
        "nickname": "570.jpg",
        "pred": 2,
        "gt": 2,
        "ok": true
      },
      {
        "name": "e3463fefe492465d926defe81513848f.jpg",
        "nickname": "626.jpg",
        "pred": 2,
        "gt": 2,
        "ok": true
      },
      {
        "name": "44903a60f0fd41fab9733f0206be5a9b.jpg",
        "nickname": "887.jpg",
        "pred": 2,
        "gt": 2,
        "ok": true
      },
      {
        "name": "5788f2d3e10f4d6f9b7fdb7851ec96f7.jpg",
        "nickname": "18.jpg",
        "pred": 0,
        "gt": 0,
        "ok": true
      },
      {
        "name": "df10297753424d9ca13487dfe915e33a.jpg",
        "nickname": "98.jpg",
        "pred": 0,
        "gt": 0,
        "ok": true
      },
      {
        "name": "179295766ccc452eb9f6bc46bfc339a6.jpg",
        "nickname": "725.jpg",
        "pred": 1,
        "gt": 1,
        "ok": true
      },
      {
        "name": "750bef6187734f87bc2dc3d16b5c0a48.jpg",
        "nickname": "405.jpg",
        "pred": 2,
        "gt": 2,
        "ok": true
      },
      {
        "name": "82a153915fef4c1b80e783ae211823c0.jpg",
        "nickname": "604.jpg",
        "pred": 1,
        "gt": 1,
        "ok": true
      },
      {
        "name": "df05bfebd03d4a9b981eb2bd0723863d.jpg",
        "nickname": "775.jpg",
        "pred": 0,
        "gt": 0,
        "ok": true
      },
      {
        "name": "f962f734e0bf494189c970d40b1f8ab2.jpg",
        "nickname": "57.jpg",
        "pred": 1,
        "gt": 1,
        "ok": true
      },
      {
        "name": "569eb42f3221440b8014d231f09ae53b.jpg",
        "nickname": "294.jpg",
        "pred": 0,
        "gt": 0,
        "ok": true
      },
      {
        "name": "a546ac97b3364030a83a4eb8da8a93eb.jpg",
        "nickname": "216.jpg",
        "pred": 0,
        "gt": 0,
        "ok": true
      },
      {
        "name": "5e0e42aec1c54c52a154bf2a626d7f16.jpg",
        "nickname": "555.jpg",
        "pred": 2,
        "gt": 2,
        "ok": true
      },
      {
        "name": "8fe9be3f5cad44c9af3bfb760639901b.jpg",
        "nickname": "524.jpg",
        "pred": 1,
        "gt": 1,
        "ok": true
      },
      {
        "name": "e580d2d198ae49c39f94948c7eed5338.jpg",
        "nickname": "305.jpg",
        "pred": 2,
        "gt": 2,
        "ok": true
      },
      {
        "name": "8dc776cb663845a0b2ce925f71799733.jpg",
        "nickname": "100.jpg",
        "pred": 2,
        "gt": 2,
        "ok": true
      },
      {
        "name": "60532ee2c42e408caf18afdc878ed271.jpg",
        "nickname": "598.jpg",
        "pred": 2,
        "gt": 2,
        "ok": true
      },
      {
        "name": "ab00d00faec249e5b1b3631752b74e00.jpg",
        "nickname": "620.jpg",
        "pred": 1,
        "gt": 1,
        "ok": true
      },
      {
        "name": "913aeba766be47eaa6eb358f77788721.jpg",
        "nickname": "360.jpg",
        "pred": 2,
        "gt": 2,
        "ok": true
      },
      {
        "name": "e04d24f18ada40d682f492793e301c44.jpg",
        "nickname": "614.jpg",
        "pred": 1,
        "gt": 1,
        "ok": true
      },
      {
        "name": "6da72d7c09a6440f96526dda9b463650.jpg",
        "nickname": "397.jpg",
        "pred": 0,
        "gt": 0,
        "ok": true
      },
      {
        "name": "bdad7821ebe94b2aa606c55fb71ac08a.jpg",
        "nickname": "412.jpg",
        "pred": 2,
        "gt": 2,
        "ok": true
      },
      {
        "name": "7c5e24d1fcaf4874a57c505c32d095aa.jpg",
        "nickname": "655.jpg",
        "pred": 2,
        "gt": 2,
        "ok": true
      },
      {
        "name": "4d0e0b51d9304d7999149bab32fc4ad6.jpg",
        "nickname": "800.jpg",
        "pred": 1,
        "gt": 1,
        "ok": true
      },
      {
        "name": "dd93b989970e42dc88824bc959182038.jpg",
        "nickname": "157.jpg",
        "pred": 1,
        "gt": 1,
        "ok": true
      },
      {
        "name": "91f1afb1365d42e2a5deab959fc9f6f0.jpg",
        "nickname": "713.jpg",
        "pred": 0,
        "gt": 0,
        "ok": true
      },
      {
        "name": "76d2aca504d349d9a633733425739471.jpg",
        "nickname": "675.jpg",
        "pred": 0,
        "gt": 0,
        "ok": true
      },
      {
        "name": "b395382209864e09ae5a9259319778a9.jpg",
        "nickname": "649.jpg",
        "pred": 1,
        "gt": 1,
        "ok": true
      },
      {
        "name": "b12e86a2a8bf4b1688f5fe61db521e86.jpg",
        "nickname": "269.jpg",
        "pred": 2,
        "gt": 2,
        "ok": true
      },
      {
        "name": "9626428c59a74c9dbb2267c848bafa58.jpg",
        "nickname": "71.jpg",
        "pred": 1,
        "gt": 1,
        "ok": true
      },
      {
        "name": "016b622ba35c4d96b419dfeaf10cfd16.jpg",
        "nickname": "48.jpg",
        "pred": 2,
        "gt": 2,
        "ok": true
      },
      {
        "name": "798ee2ede772445b89072b8ca287acf8.jpg",
        "nickname": "496.jpg",
        "pred": 1,
        "gt": 1,
        "ok": true
      },
      {
        "name": "6cc5afaf960345e09c81d99e9d96c435.jpg",
        "nickname": "152.jpg",
        "pred": 2,
        "gt": 2,
        "ok": true
      },
      {
        "name": "3052c19618364da0bf60dc0f6aaeef38.jpg",
        "nickname": "234.jpg",
        "pred": 0,
        "gt": 0,
        "ok": true
      },
      {
        "name": "7603b5baf13d4eb0954ca52adff8b0a5.jpg",
        "nickname": "675.jpg",
        "pred": 1,
        "gt": 1,
        "ok": true
      },
      {
        "name": "02b07939448e48c5ac7e4b2195862bef.jpg",
        "nickname": "208.jpg",
        "pred": 2,
        "gt": 2,
        "ok": true
      },
      {
        "name": "08b61ae7d03b41a5bd677ea39a5960d6.jpg",
        "nickname": "650.jpg",
        "pred": 0,
        "gt": 0,
        "ok": true
      },
      {
        "name": "a3eada3e064247919b56e3d865fc092e.jpg",
        "nickname": "818.jpg",
        "pred": 1,
        "gt": 1,
        "ok": true
      },
      {
        "name": "3851c0d6fa8744368aabb7ccd5e2f1b2.jpg",
        "nickname": "563.jpg",
        "pred": 0,
        "gt": 0,
        "ok": true
      },
      {
        "name": "70a4802742d64d09b862097b7b4f02ca.jpg",
        "nickname": "789.jpg",
        "pred": 1,
        "gt": 1,
        "ok": true
      },
      {
        "name": "61b4ba60c8254417a5a5b5ce69a6e19e.jpg",
        "nickname": "870.jpg",
        "pred": 2,
        "gt": 2,
        "ok": true
      },
      {
        "name": "5c84943fe63b4dfc8b7451d1b538f117.jpg",
        "nickname": "116.jpg",
        "pred": 0,
        "gt": 0,
        "ok": true
      },
      {
        "name": "6cbbfb65e6d04bd190c1c9bac397bf2b.jpg",
        "nickname": "263.jpg",
        "pred": 1,
        "gt": 1,
        "ok": true
      },
      {
        "name": "acf12941424849bd88d1c2780b8c132d.jpg",
        "nickname": "390.jpg",
        "pred": 1,
        "gt": 1,
        "ok": true
      },
      {
        "name": "b44f6ac36296418bb9aa704c46fcdb76.jpg",
        "nickname": "851.jpg",
        "pred": 2,
        "gt": 2,
        "ok": true
      },
      {
        "name": "560d2f580b094237a13b4b47fd219af4.jpg",
        "nickname": "77.jpg",
        "pred": 0,
        "gt": 0,
        "ok": true
      },
      {
        "name": "e820e63639ba4c01ab28f95b4227629a.jpg",
        "nickname": "661.jpg",
        "pred": 0,
        "gt": 0,
        "ok": true
      },
      {
        "name": "459d9be433d7442db6f1343f7e73a229.jpg",
        "nickname": "519.jpg",
        "pred": 1,
        "gt": 1,
        "ok": true
      },
      {
        "name": "5d755d7d64aa43d9be5d7c45b70ddae9.jpg",
        "nickname": "912.jpg",
        "pred": 1,
        "gt": 1,
        "ok": true
      },
      {
        "name": "6c3e3804f34845b9a535777ecb19777c.jpg",
        "nickname": "408.jpg",
        "pred": 0,
        "gt": 0,
        "ok": true
      },
      {
        "name": "4beb5e76a4e34908ab60bb79ad9965bd.jpg",
        "nickname": "511.jpg",
        "pred": 0,
        "gt": 0,
        "ok": true
      },
      {
        "name": "869479f4831a4a4490b4b0d1dae024d1.jpg",
        "nickname": "574.jpg",
        "pred": 2,
        "gt": 2,
        "ok": true
      },
      {
        "name": "ea07661fa6e04bb5843a813cabe3d2c8.jpg",
        "nickname": "185.jpg",
        "pred": 0,
        "gt": 0,
        "ok": true
      },
      {
        "name": "e218be9a51e84d169577f31736267d82.jpg",
        "nickname": "787.jpg",
        "pred": 1,
        "gt": 1,
        "ok": true
      },
      {
        "name": "cf63ab191fd64b9f8347e164f430dc20.jpg",
        "nickname": "896.jpg",
        "pred": 2,
        "gt": 2,
        "ok": true
      },
      {
        "name": "fc0878e0039d4e848ba304e38e353676.jpg",
        "nickname": "868.jpg",
        "pred": 1,
        "gt": 1,
        "ok": true
      },
      {
        "name": "2975de8df7b646eea8fb438d7efd0176.jpg",
        "nickname": "294.jpg",
        "pred": 1,
        "gt": 1,
        "ok": true
      },
      {
        "name": "e3e7cf71038c4bbb9e59671591fbdcb3.jpg",
        "nickname": "892.jpg",
        "pred": 0,
        "gt": 0,
        "ok": true
      },
      {
        "name": "6393c2b319734423a32949ad31cfaa95.jpg",
        "nickname": "20.jpg",
        "pred": 0,
        "gt": 0,
        "ok": true
      },
      {
        "name": "fe8d7804c48c4e5596c470f89e68a87d.jpg",
        "nickname": "452.jpg",
        "pred": 0,
        "gt": 0,
        "ok": true
      },
      {
        "name": "def7ce4306974ea99c4ae5290213c8e9.jpg",
        "nickname": "564.jpg",
        "pred": 0,
        "gt": 0,
        "ok": true
      },
      {
        "name": "0da770005c284487a76dd18aaf5719ec.jpg",
        "nickname": "93.jpg",
        "pred": 1,
        "gt": 1,
        "ok": true
      },
      {
        "name": "d24f067ba0fc42dcbbf0d890bfdfaa04.jpg",
        "nickname": "866.jpg",
        "pred": 0,
        "gt": 0,
        "ok": true
      },
      {
        "name": "8f5249fce9394c0789ccc0ef6e2bff56.jpg",
        "nickname": "840.jpg",
        "pred": 1,
        "gt": 1,
        "ok": true
      },
      {
        "name": "a239b86bf91b4a0b90940735f6ca8295.jpg",
        "nickname": "807.jpg",
        "pred": 0,
        "gt": 0,
        "ok": true
      },
      {
        "name": "9f898f2df2364a119a35906e36d7d824.jpg",
        "nickname": "571.jpg",
        "pred": 0,
        "gt": 0,
        "ok": true
      },
      {
        "name": "7d51bc918e1842819b0e49e8c3168bf4.jpg",
        "nickname": "677.jpg",
        "pred": 1,
        "gt": 1,
        "ok": true
      },
      {
        "name": "56febbcdcd474c3a9b671e37cfda91f7.jpg",
        "nickname": "469.jpg",
        "pred": 1,
        "gt": 1,
        "ok": true
      },
      {
        "name": "5954bf420cd941cc806bcd8db5b5af9f.jpg",
        "nickname": "740.jpg",
        "pred": 0,
        "gt": 0,
        "ok": true
      },
      {
        "name": "6a790ba931314b3da3c1b091fff568dc.jpg",
        "nickname": "669.jpg",
        "pred": 0,
        "gt": 0,
        "ok": true
      },
      {
        "name": "b328cd06ee5143e9849cf8e93af1b241.jpg",
        "nickname": "282.jpg",
        "pred": 1,
        "gt": 1,
        "ok": true
      },
      {
        "name": "78a8e7b63e89459980b4cb5e0e5de01c.jpg",
        "nickname": "168.jpg",
        "pred": 1,
        "gt": 1,
        "ok": true
      },
      {
        "name": "64a177ec52f24e49accfe4c3769689bb.jpg",
        "nickname": "831.jpg",
        "pred": 1,
        "gt": 1,
        "ok": true
      },
      {
        "name": "64e5ae403a6944e7a1d9518fdb2df202.jpg",
        "nickname": "886.jpg",
        "pred": 1,
        "gt": 1,
        "ok": true
      },
      {
        "name": "c89dcfa8583a41daae39d2cba2e8c80e.jpg",
        "nickname": "31.jpg",
        "pred": 1,
        "gt": 1,
        "ok": true
      },
      {
        "name": "3daef3221f344e0c94f2f35f0c616ee1.jpg",
        "nickname": "868.jpg",
        "pred": 0,
        "gt": 0,
        "ok": true
      },
      {
        "name": "a9f59a86fab94927a3916f86e95c41bb.jpg",
        "nickname": "390.jpg",
        "pred": 0,
        "gt": 0,
        "ok": true
      },
      {
        "name": "486646c0974a4c4f84a79df228ef59bf.jpg",
        "nickname": "892.jpg",
        "pred": 1,
        "gt": 1,
        "ok": true
      },
      {
        "name": "ae956b1771754058adfe80275124190e.jpg",
        "nickname": "361.jpg",
        "pred": 2,
        "gt": 2,
        "ok": true
      },
      {
        "name": "5d1519f82d3c4a568f01833607a0e194.jpg",
        "nickname": "746.jpg",
        "pred": 1,
        "gt": 1,
        "ok": true
      },
      {
        "name": "467767bfbb17495b8b16fa98c6a2afb5.jpg",
        "nickname": "72.jpg",
        "pred": 2,
        "gt": 2,
        "ok": true
      },
      {
        "name": "9ba0a22a6c1340b6bdc9b2b3d823e77e.jpg",
        "nickname": "322.jpg",
        "pred": 2,
        "gt": 2,
        "ok": true
      },
      {
        "name": "358c9da4bc8a480c84ebed1f47b19573.jpg",
        "nickname": "413.jpg",
        "pred": 2,
        "gt": 2,
        "ok": true
      },
      {
        "name": "c641f79cb5bd42dc80e838bf1ccf0fea.jpg",
        "nickname": "268.jpg",
        "pred": 1,
        "gt": 1,
        "ok": true
      },
      {
        "name": "5a7ec1bae9aa44dcb35da696e43298c2.jpg",
        "nickname": "45.jpg",
        "pred": 2,
        "gt": 2,
        "ok": true
      },
      {
        "name": "98314ca2df5243549b58b6eedabb610b.jpg",
        "nickname": "510.jpg",
        "pred": 1,
        "gt": 1,
        "ok": true
      },
      {
        "name": "a54d28b721e04da28d3f4116dba7d160.jpg",
        "nickname": "20.jpg",
        "pred": 2,
        "gt": 2,
        "ok": true
      },
      {
        "name": "6fa9c6ad97a343fbb65626be40c1d91f.jpg",
        "nickname": "917.jpg",
        "pred": 0,
        "gt": 0,
        "ok": true
      },
      {
        "name": "737b733734e2458fb0bbd917349b134b.jpg",
        "nickname": "594.jpg",
        "pred": 1,
        "gt": 1,
        "ok": true
      },
      {
        "name": "38857e8af3c44431bce322aa8812b920.jpg",
        "nickname": "683.jpg",
        "pred": 1,
        "gt": 1,
        "ok": true
      },
      {
        "name": "dba2956e49a34831b1d19968d9b8aae5.jpg",
        "nickname": "472.jpg",
        "pred": 2,
        "gt": 2,
        "ok": true
      },
      {
        "name": "3ffeee53835d46edbcc2bc5b251866c7.jpg",
        "nickname": "406.jpg",
        "pred": 0,
        "gt": 0,
        "ok": true
      },
      {
        "name": "6735476f2ff941259999bf0b268a4c0a.jpg",
        "nickname": "453.jpg",
        "pred": 1,
        "gt": 1,
        "ok": true
      },
      {
        "name": "567ca1a323914130ab301e7df1639135.jpg",
        "nickname": "566.jpg",
        "pred": 2,
        "gt": 2,
        "ok": true
      },
      {
        "name": "587d33cddc2b49769de771a45ad5ee34.jpg",
        "nickname": "557.jpg",
        "pred": 1,
        "gt": 1,
        "ok": true
      },
      {
        "name": "f6d6a06c23024c2281a8d9bb1a282e24.jpg",
        "nickname": "352.jpg",
        "pred": 2,
        "gt": 2,
        "ok": true
      },
      {
        "name": "f8b85a49598e42a39dd80762ba44fce9.jpg",
        "nickname": "411.jpg",
        "pred": 0,
        "gt": 0,
        "ok": true
      },
      {
        "name": "332916c38a7c41d8b65b3b5966636882.jpg",
        "nickname": "876.jpg",
        "pred": 2,
        "gt": 2,
        "ok": true
      },
      {
        "name": "21752a219c4e433fb71c885b9433616b.jpg",
        "nickname": "762.jpg",
        "pred": 1,
        "gt": 1,
        "ok": true
      },
      {
        "name": "561114497ee24604aec713767cc31536.jpg",
        "nickname": "660.jpg",
        "pred": 1,
        "gt": 1,
        "ok": true
      },
      {
        "name": "b083a7bd0f44471ca5f0a4950e79f28a.jpg",
        "nickname": "828.jpg",
        "pred": 0,
        "gt": 0,
        "ok": true
      },
      {
        "name": "f65beeb7cbdc4f8ea34602d3ec63e9da.jpg",
        "nickname": "609.jpg",
        "pred": 2,
        "gt": 2,
        "ok": true
      },
      {
        "name": "dde5d5f367154f649ad5ae475d99abd4.jpg",
        "nickname": "682.jpg",
        "pred": 0,
        "gt": 0,
        "ok": true
      },
      {
        "name": "23b2aa3cb7f3455bb28bbc100543c63d.jpg",
        "nickname": "79.jpg",
        "pred": 2,
        "gt": 2,
        "ok": true
      },
      {
        "name": "56677f42b19f4cd898d1fe88e7e3bafe.jpg",
        "nickname": "878.jpg",
        "pred": 0,
        "gt": 0,
        "ok": true
      },
      {
        "name": "ddf05efac5d8459bbae8c7d18693f513.jpg",
        "nickname": "29.jpg",
        "pred": 1,
        "gt": 1,
        "ok": true
      },
      {
        "name": "ef337855cfd14b9bb711059682c09f70.jpg",
        "nickname": "895.jpg",
        "pred": 2,
        "gt": 2,
        "ok": true
      },
      {
        "name": "d006998f7a484a9f9afa3efa8bde22f6.jpg",
        "nickname": "635.jpg",
        "pred": 2,
        "gt": 2,
        "ok": true
      },
      {
        "name": "9fea47639f0c48a0be907fc31912b2a4.jpg",
        "nickname": "781.jpg",
        "pred": 0,
        "gt": 0,
        "ok": true
      },
      {
        "name": "f62b6eceaed9419ba034b782ece3977c.jpg",
        "nickname": "215.jpg",
        "pred": 2,
        "gt": 2,
        "ok": true
      },
      {
        "name": "ad9c9c0b4839455b9360d899f6de0c6e.jpg",
        "nickname": "899.jpg",
        "pred": 2,
        "gt": 2,
        "ok": true
      },
      {
        "name": "ba07dd39e4d142eeb30cba090d935dc4.jpg",
        "nickname": "758.jpg",
        "pred": 1,
        "gt": 1,
        "ok": true
      },
      {
        "name": "1bc38a678cec44d89b3947dad042dc52.jpg",
        "nickname": "560.jpg",
        "pred": 1,
        "gt": 1,
        "ok": true
      },
      {
        "name": "8cc613e43eb8405faf18961641d89d61.jpg",
        "nickname": "564.jpg",
        "pred": 1,
        "gt": 1,
        "ok": true
      },
      {
        "name": "61cc8de9a6ee40bea91bc22cea3c9f69.jpg",
        "nickname": "175.jpg",
        "pred": 0,
        "gt": 0,
        "ok": true
      },
      {
        "name": "bba7acc3e6174e879eb67fa6b8772d4c.jpg",
        "nickname": "503.jpg",
        "pred": 1,
        "gt": 1,
        "ok": true
      },
      {
        "name": "a4f7e69630654fd8aa44b7a017aec041.jpg",
        "nickname": "134.jpg",
        "pred": 2,
        "gt": 2,
        "ok": true
      },
      {
        "name": "1c6f442003d64185a6d8d4d80229eb1a.jpg",
        "nickname": "419.jpg",
        "pred": 2,
        "gt": 2,
        "ok": true
      },
      {
        "name": "97fea451ba3545d58d0da0d7d2faab8f.jpg",
        "nickname": "8.jpg",
        "pred": 1,
        "gt": 1,
        "ok": true
      },
      {
        "name": "f86acd655ad2490f9886f4c27d3e9f6f.jpg",
        "nickname": "294.jpg",
        "pred": 2,
        "gt": 2,
        "ok": true
      },
      {
        "name": "781f4b171a484dd9b05330ca31d8eec7.jpg",
        "nickname": "164.jpg",
        "pred": 2,
        "gt": 2,
        "ok": true
      },
      {
        "name": "ea229d3aebc1451ea3f00270f12e891e.jpg",
        "nickname": "359.jpg",
        "pred": 2,
        "gt": 2,
        "ok": true
      },
      {
        "name": "b3ee568be9c746128ddd5ff37c67926d.jpg",
        "nickname": "730.jpg",
        "pred": 2,
        "gt": 2,
        "ok": true
      },
      {
        "name": "0da95368d6144878acad589bd06cf22d.jpg",
        "nickname": "94.jpg",
        "pred": 1,
        "gt": 1,
        "ok": true
      },
      {
        "name": "c51559763b3f4af8b4bfed02ccda2e1d.jpg",
        "nickname": "201.jpg",
        "pred": 1,
        "gt": 1,
        "ok": true
      },
      {
        "name": "a07c5854a87d4af6a30a9776925f3496.jpg",
        "nickname": "399.jpg",
        "pred": 2,
        "gt": 2,
        "ok": true
      },
      {
        "name": "33a9cf23bf3143c98761323ce6bbfd1c.jpg",
        "nickname": "889.jpg",
        "pred": 2,
        "gt": 2,
        "ok": true
      },
      {
        "name": "5f16431e2d8e44c39e2843ef58f4106f.jpg",
        "nickname": "479.jpg",
        "pred": 0,
        "gt": 0,
        "ok": true
      },
      {
        "name": "5f96ca7eddce49aeaa29535b3b75624d.jpg",
        "nickname": "521.jpg",
        "pred": 0,
        "gt": 0,
        "ok": true
      },
      {
        "name": "f8975ecec2e84009a8c62cab036ca1d2.jpg",
        "nickname": "366.jpg",
        "pred": 0,
        "gt": 0,
        "ok": true
      },
      {
        "name": "50017497fc014869bf91207c6afcda0c.jpg",
        "nickname": "236.jpg",
        "pred": 1,
        "gt": 1,
        "ok": true
      },
      {
        "name": "8fef37a735cd4bcda1a606ab855e9186.jpg",
        "nickname": "246.jpg",
        "pred": 0,
        "gt": 0,
        "ok": true
      },
      {
        "name": "8e09fb1112d84ee39169d2acc2785a20.jpg",
        "nickname": "845.jpg",
        "pred": 1,
        "gt": 1,
        "ok": true
      },
      {
        "name": "50fd23e4184c443a87c93ed56fdbf136.jpg",
        "nickname": "701.jpg",
        "pred": 2,
        "gt": 2,
        "ok": true
      },
      {
        "name": "c8da6c675bc443dba7babf536ee4dd82.jpg",
        "nickname": "629.jpg",
        "pred": 2,
        "gt": 2,
        "ok": true
      },
      {
        "name": "49303e1e8e654913869adee28edc63c0.jpg",
        "nickname": "393.jpg",
        "pred": 0,
        "gt": 0,
        "ok": true
      },
      {
        "name": "3b9dde25a27747daa83ce8267244e4fd.jpg",
        "nickname": "557.jpg",
        "pred": 0,
        "gt": 0,
        "ok": true
      }
    ]
  }
}